,hindi_tweets
0,"RT @PeepingMoon: рддреАрди рдорд╣реАрдиреЗ рдмрд╛рдж #KasautiiZindagiiKay2 рдХреА рд╢реВрдЯрд┐рдВрдЧ рд╣реБрдИ рд░реА-рд╕реНрдЯрд╛рд░реНрдЯ,  #Corona рдХреЗ рд╕рд╛рдпреЗ рдХреЗ рдмреАрдЪ #ParthSamthaan рдиреЗ рдХреА рд╕реЗрдЯ рдкрд░ рд╡рд╛рдкрд╕реА

@тАж"
1,"dilli se kabhie #COVID19 #COVID  nahi jane wala kyonki yahan bjp aur aap ki politics kabhie nahi khatm hone wali hai....!

#GalwanValley de diya ANPADH BC ne.."
2,RT @hemantrajora_: рдмрдбрд╝реА рдЦрдмрд░ : Hindu Rao рдХреЗ рдбреЙрдХреНрдЯрд░ рд╣рдбрд╝рддрд╛рд▓ рдкрд░ рдЬрд╛рдиреЗ рдХреА рддреИрдпрд╛рд░реА рдореЗрдВред HRH рдЖрдЬ рд╕реЗ рдХреЛрд╡рд┐рдб рдЕрд╕реНрдкрддрд╛рд▓ рдХреЗ рд░реВрдк рдореЗрдВ рд╢реБрд░реВ рд╣реЛ рд░рд╣рд╛ рд╣реИред  рдбреЙрдХреНрдЯрд░тАж
3,RT @mungale_vijay: @nsitharaman @DasShaktikanta  рдХреНрдпреЛрдВ рдЖрдкрдХреА рдЕрдВрддрд░рд╛рддреНрдорд╛ рдЖрдкрдХреЛ рдирд╣реАрдВ  рдЭрдВрдЭреЛрдбрд╝рддреА?#PMCBankCrisis рдиреЗ рдЬрд┐рдВрджрдЧреА рддрдмрд╛рд╣ рдХрд░ рджреА рд╣рдорд╛рд░реАред@republтАж
4,"RT @Madhurendra13: рдЖрдкрджрд╛ рдореЗ рдЬреБрдЧрд╛рдбрд╝ рдХреЛ рдЕрд╕реНрдкрддрд╛рд▓ рдХрд╣рдиреЗ рд╡рд╛рд▓реЗ @AamAadmiParty рдХреЗ рд╕реНрд╡рд╛рд╕реНрдереНрдп рдордВрддреНрд░реА рдкреНрд░рд╛рдЗрд╡реЗрдЯ рд╣реЙрд╕реНрдкрд┐рдЯрд▓ рдореЗрдВ рдЗрд▓рд╛рдЬ рдХрд░рд╛рдХреЗ рд▓реМрдЯреЗрдВ рд╣реИред 
рдмрд╛рдмрд╛тАж"
5,"RT @JahirCBagwan1: @srinivasiyc @LambaAlka
рдЕрдм рд╕рдордЭ рдореЗ рдирд╣реАрдВ рдЖ рд░рд╣рд╛ рд╣реИ, рдХреА 

#Lockdown4 рдХрд╛ рдкрд╛рд▓рди рдХрд░рдХреЗ рдШрд░рдореЗ рдмреИрдардХрд░ рдЕрдкрдиреА рдЬрд╛рди рдмрдЪрд╛рдиреА рд╣реИ? рдпрд╛ 
#COVIDтАж"
6,"#COVID-19 рд╕реЗ рдкреАрдбрд╝рд┐рдд рдЧрд░реНрднрд╡рддреА рдорд╣рд┐рд▓рд╛рдУрдВ рдХреЛ рдЕрд╕реНрдкрддрд╛рд▓, рдЖрдИрд╕реАрдпреВ рдореЗрдВ рднрд░реНрддреА рд╣реЛрдиреЗ рдФрд░ рд╡реЗрдВрдЯрд┐рд▓реЗрд╢рди рдХрд╛ рдЬреЛрдЦрд┐рдо рдЬреНрдпрд╛рджрд╛ рд╣реИ
https://t.co/7IqlPTKn6D"
7,"RT @Amitjanhit: рдЙрддреНрддрд░ рдкреНрд░рджреЗрд╢,
рдЧреБрдЬрд░рд╛рдд
рдордзреНрдп рдкреНрд░рджреЗрд╢ рдЬреИрд╕реЗ рдмреАрдЬреЗрдкреА рд╢рд╛рд╕рд┐рдд рд░рд╛рдЬреНрдпреЛрдВ рдореЗрдВ рдмреАрдЬреЗрдкреА #corona рд╕реЗ рд▓рдбрд╝рдиреЗ рдореЗрдВ рдкреВрд░реА рддрд░рд╣ рд╡рд┐рдлрд▓ рд░рд╣реА рдФрд░ рдЕрдм 

@ArvinтАж"
8,"рдХрд╛рд░реНрдЯреВрди:- рддреЗрд▓ рдХреА рдХреАрдорддреЗрдВ рдЕрдм рдирд╣реАрдВ рдердореЗрдВрдЧреА

#petrol #diesel #corona #covid #price #kajal #cartoon #politics https://t.co/EaRWozFyML"
9,"RT @PeepingMoon: рддреАрди рдорд╣реАрдиреЗ рдмрд╛рдж #KasautiiZindagiiKay2 рдХреА рд╢реВрдЯрд┐рдВрдЧ рд╣реБрдИ рд░реА-рд╕реНрдЯрд╛рд░реНрдЯ,  #Corona рдХреЗ рд╕рд╛рдпреЗ рдХреЗ рдмреАрдЪ #ParthSamthaan рдиреЗ рдХреА рд╕реЗрдЯ рдкрд░ рд╡рд╛рдкрд╕реА

@тАж"
10,#Delhi: рдХреЗрдВрджреНрд░реАрдп рдЧреГрд╣ рдордВрддреНрд░реА рдЕрдорд┐рдд рд╢рд╛рд╣ рдФрд░ рджрд┐рд▓реНрд▓реА рдХреЗ рдореБрдЦреНрдпрдордВрддреНрд░реА рдЕрд░рд╡рд┐рдВрдж рдХреЗрдЬрд░реАрд╡рд╛рд▓ рдЖрдЬ рджрд┐рд▓реНрд▓реА рдХреЗ рдЫрддрд░рдкреБрд░ рдХреНрд╖реЗрддреНрд░ рдореЗрдВ рд░рд╛рдзрд╛ рд╕реНрд╡рд╛рдореА рдмреНрдпрд╛рд╕ рдореЗрдВ #COVID рдХреЗрдпрд░ рд╕реЗрдВрдЯрд░ рдХрд╛ рдЬрд╛рдпрдЬрд╝рд╛ рд▓реЗрдиреЗ рдЬрд╛рдПрдВрдЧреЗред https://t.co/CCmCrRb0MV
11,RT @Bipin_Bi_Singh: рдЖрдЬ рдЕрдкрдиреЗ рдХреНрд╖реЗрддреНрд░ рдорд╣рд╛рдорд╛рд░реА рдХреЛрд░реЛрдирд╛ #COVID 19 рд╕реЗ рдмрдЪрд╛рд╡ рд╣реЗрддреБ  рд▓реЛрдЧреЛ рдХреЗ рдмреАрдЪ рдорд╛рд╕реНрдХ рддрдерд╛ рд░реЛрдЧ рдкреНрд░рддрд┐рд░реЛрдзрдХ рдХреНрд╖рдорддрд╛ рдмрдврд╝рд╛рдиреЗ рд╡рд╛рд▓рд╛ рдХрд╛рдврд╝рд╛ рд╡рд┐рддтАж
12,"RT @CMOfficeUP: #COVID-19 рдЬреИрд╕реА рд╡реИрд╢реНрд╡рд┐рдХ рдорд╣рд╛рдорд╛рд░реА рдХреЗ рдмрд╛рд╡рдЬреВрдж рд╕рдордп рдкрд░ рдкрд░реАрдХреНрд╖рд╛ рд╡ рд▓реЙрдХрдбрд╛рдЙрди рдХреЗ рдмрд╛рд╡рдЬреВрдж рд╕рдордп рд╕реЗ рдкрд░рд┐рдгрд╛рдо рджреЗрдиреЗ рдХреЗ рд▓рд┐рдП, рдореИрдВ рдорд╛рдзреНрдпрдорд┐рдХ рд╢рд┐рдХреНрд╖рд╛тАж"
13,"RT @KunnalMaanav: рджреЗрд╢ рдХреЗ рдирд╛рдЧрд░рд┐рдХреЛрдВ рдХреЛ #Covid-19 рд╕реЗ рдмрдЪрд╛рдиреЗ рд╡рд╛рд▓реЗ рд╕рдлрд╝рд╛рдИ рд╕реИрдирд┐рдХреЛрдВ рдХреЛ рдореБрдлреНрдд рд╕реНрд╡рд╛рд╕реНрдереНрдп рд╕реБрд╡рд┐рдзрд╛рдПрдВ рдЙрдкрд▓рдмреНрдз рд╣реЛрдиреА рдЪрд╛рд╣рд┐рдП
#рдЕрд╕реНрдерд╛рдИ_рд╕рдлрд╛рдИ_рдХрд░реНрдореАтАж"
14,"рджреЗрд╢ рдХреЗ рдирд╛рдЧрд░рд┐рдХреЛрдВ рдХреЛ #Covid-19 рд╕реЗ рдмрдЪрд╛рдиреЗ рд╡рд╛рд▓реЗ рд╕рдлрд╝рд╛рдИ рд╕реИрдирд┐рдХреЛрдВ рдХреЛ рдореБрдлреНрдд рд╕реНрд╡рд╛рд╕реНрдереНрдп рд╕реБрд╡рд┐рдзрд╛рдПрдВ рдЙрдкрд▓рдмреНрдз рд╣реЛрдиреА рдЪрд╛рд╣рд┐рдП
#рдЕрд╕реНрдерд╛рдИ_рд╕рдлрд╛рдИ_рдХрд░реНрдореА_рд╕реНрдерд╛рдИ_рд╣реЛ https://t.co/PkqmYyKGGb"
15,"RT @PeepingMoon: рддреАрди рдорд╣реАрдиреЗ рдмрд╛рдж #KasautiiZindagiiKay2 рдХреА рд╢реВрдЯрд┐рдВрдЧ рд╣реБрдИ рд░реА-рд╕реНрдЯрд╛рд░реНрдЯ,  #Corona рдХреЗ рд╕рд╛рдпреЗ рдХреЗ рдмреАрдЪ #ParthSamthaan рдиреЗ рдХреА рд╕реЗрдЯ рдкрд░ рд╡рд╛рдкрд╕реА

@тАж"
16,RT @AHindinews: рдХреЗрдВрджреНрд░реАрдп рдЧреГрд╣ рдордВрддреНрд░реА рдЕрдорд┐рдд рд╢рд╛рд╣ рдФрд░ рджрд┐рд▓реНрд▓реА рдХреЗ рдореБрдЦреНрдпрдордВрддреНрд░реА рдЕрд░рд╡рд┐рдВрдж рдХреЗрдЬрд░реАрд╡рд╛рд▓ рдЖрдЬ рджрд┐рд▓реНрд▓реА рдХреЗ рдЫрддрд░рдкреБрд░ рдХреНрд╖реЗрддреНрд░ рдореЗрдВ рд░рд╛рдзрд╛ рд╕реНрд╡рд╛рдореА рдмреНрдпрд╛рд╕ рдореЗрдВтАж
17,"RT @Amitjanhit: рдЙрддреНрддрд░ рдкреНрд░рджреЗрд╢,
рдЧреБрдЬрд░рд╛рдд
рдордзреНрдп рдкреНрд░рджреЗрд╢ рдЬреИрд╕реЗ рдмреАрдЬреЗрдкреА рд╢рд╛рд╕рд┐рдд рд░рд╛рдЬреНрдпреЛрдВ рдореЗрдВ рдмреАрдЬреЗрдкреА #corona рд╕реЗ рд▓рдбрд╝рдиреЗ рдореЗрдВ рдкреВрд░реА рддрд░рд╣ рд╡рд┐рдлрд▓ рд░рд╣реА рдФрд░ рдЕрдм 

@ArvinтАж"
18,"RT @PeepingMoon: рддреАрди рдорд╣реАрдиреЗ рдмрд╛рдж #KasautiiZindagiiKay2 рдХреА рд╢реВрдЯрд┐рдВрдЧ рд╣реБрдИ рд░реА-рд╕реНрдЯрд╛рд░реНрдЯ,  #Corona рдХреЗ рд╕рд╛рдпреЗ рдХреЗ рдмреАрдЪ #ParthSamthaan рдиреЗ рдХреА рд╕реЗрдЯ рдкрд░ рд╡рд╛рдкрд╕реА

@тАж"
19,"RT @PeepingMoon: рддреАрди рдорд╣реАрдиреЗ рдмрд╛рдж #KasautiiZindagiiKay2 рдХреА рд╢реВрдЯрд┐рдВрдЧ рд╣реБрдИ рд░реА-рд╕реНрдЯрд╛рд░реНрдЯ,  #Corona рдХреЗ рд╕рд╛рдпреЗ рдХреЗ рдмреАрдЪ #ParthSamthaan рдиреЗ рдХреА рд╕реЗрдЯ рдкрд░ рд╡рд╛рдкрд╕реА

@тАж"
20,"RT @CMOfficeUP: #COVID-19 рдЬреИрд╕реА рд╡реИрд╢реНрд╡рд┐рдХ рдорд╣рд╛рдорд╛рд░реА рдХреЗ рдмрд╛рд╡рдЬреВрдж рд╕рдордп рдкрд░ рдкрд░реАрдХреНрд╖рд╛ рд╡ рд▓реЙрдХрдбрд╛рдЙрди рдХреЗ рдмрд╛рд╡рдЬреВрдж рд╕рдордп рд╕реЗ рдкрд░рд┐рдгрд╛рдо рджреЗрдиреЗ рдХреЗ рд▓рд┐рдП, рдореИрдВ рдорд╛рдзреНрдпрдорд┐рдХ рд╢рд┐рдХреНрд╖рд╛тАж"
21,"RT @Amitjanhit: рдЙрддреНрддрд░ рдкреНрд░рджреЗрд╢,
рдЧреБрдЬрд░рд╛рдд
рдордзреНрдп рдкреНрд░рджреЗрд╢ рдЬреИрд╕реЗ рдмреАрдЬреЗрдкреА рд╢рд╛рд╕рд┐рдд рд░рд╛рдЬреНрдпреЛрдВ рдореЗрдВ рдмреАрдЬреЗрдкреА #corona рд╕реЗ рд▓рдбрд╝рдиреЗ рдореЗрдВ рдкреВрд░реА рддрд░рд╣ рд╡рд┐рдлрд▓ рд░рд╣реА рдФрд░ рдЕрдм 

@ArvinтАж"
22,"Coronavirus vaccine news: WHO рдХреЗ рдкреНрд░рдореБрдЦ рдиреЗ рдХрд╣рд╛, рдПрдХ рд╕рд╛рд▓ рдХреЗ рднреАрддрд░ рджреБрдирд┐рдпрд╛ рдХреЛ рдорд┐рд▓ рдЬрд╛рдПрдЧреА рдХреЛрд░реЛрдирд╛рд╡рд╛рдпрд░рд╕ рдХреА рд╡реИрдХреНрд╕реАрди 
 #Coronavirus #COVID-19 #Vaccines 
 https://t.co/Ju3b1TsmpN"
23,"RT @CMOfficeUP: #COVID-19 рдЬреИрд╕реА рд╡реИрд╢реНрд╡рд┐рдХ рдорд╣рд╛рдорд╛рд░реА рдХреЗ рдмрд╛рд╡рдЬреВрдж рд╕рдордп рдкрд░ рдкрд░реАрдХреНрд╖рд╛ рд╡ рд▓реЙрдХрдбрд╛рдЙрди рдХреЗ рдмрд╛рд╡рдЬреВрдж рд╕рдордп рд╕реЗ рдкрд░рд┐рдгрд╛рдо рджреЗрдиреЗ рдХреЗ рд▓рд┐рдП, рдореИрдВ рдорд╛рдзреНрдпрдорд┐рдХ рд╢рд┐рдХреНрд╖рд╛тАж"
24,"RT @NishantGulati18: рднрд╛рд░рддреАрдп рдЦрд╛рдж рдирд┐рдЧрдо рдирд░реЗрд▓рд╛ ( рджрд┐рд▓реНрд▓реА )| рдореИрдВ рдирд╣реАрдВ рд╣реЛ рд░рд╣рд╛ рд╣реИ рд╕реЛрд╢рд▓ рдбрд┐рд╕реНрдЯреЗрдВрд╕рд┐рдВрдЧ рдХрд╛ рдкрд╛рд▓рди|
@AshwaniKumarAdv @CMODelhi 
@ImranHussaтАж"
25,RT @AHindinews: рдХреЗрдВрджреНрд░реАрдп рдЧреГрд╣ рдордВрддреНрд░реА рдЕрдорд┐рдд рд╢рд╛рд╣ рдФрд░ рджрд┐рд▓реНрд▓реА рдХреЗ рдореБрдЦреНрдпрдордВрддреНрд░реА рдЕрд░рд╡рд┐рдВрдж рдХреЗрдЬрд░реАрд╡рд╛рд▓ рдЖрдЬ рджрд┐рд▓реНрд▓реА рдХреЗ рдЫрддрд░рдкреБрд░ рдХреНрд╖реЗрддреНрд░ рдореЗрдВ рд░рд╛рдзрд╛ рд╕реНрд╡рд╛рдореА рдмреНрдпрд╛рд╕ рдореЗрдВтАж
26,RT @hemantrajora_: рдмрдбрд╝реА рдЦрдмрд░ : Hindu Rao рдХреЗ рдбреЙрдХреНрдЯрд░ рд╣рдбрд╝рддрд╛рд▓ рдкрд░ рдЬрд╛рдиреЗ рдХреА рддреИрдпрд╛рд░реА рдореЗрдВред HRH рдЖрдЬ рд╕реЗ рдХреЛрд╡рд┐рдб рдЕрд╕реНрдкрддрд╛рд▓ рдХреЗ рд░реВрдк рдореЗрдВ рд╢реБрд░реВ рд╣реЛ рд░рд╣рд╛ рд╣реИред  рдбреЙрдХреНрдЯрд░тАж
27,RT @hemantrajora_: рдмрдбрд╝реА рдЦрдмрд░ : Hindu Rao рдХреЗ рдбреЙрдХреНрдЯрд░ рд╣рдбрд╝рддрд╛рд▓ рдкрд░ рдЬрд╛рдиреЗ рдХреА рддреИрдпрд╛рд░реА рдореЗрдВред HRH рдЖрдЬ рд╕реЗ рдХреЛрд╡рд┐рдб рдЕрд╕реНрдкрддрд╛рд▓ рдХреЗ рд░реВрдк рдореЗрдВ рд╢реБрд░реВ рд╣реЛ рд░рд╣рд╛ рд╣реИред  рдбреЙрдХреНрдЯрд░тАж
28,RT @IPNews_24: рдХреЗрдВрджреНрд░реАрдп рдЧреГрд╣ рдордВрддреНрд░реА рдЕрдорд┐рдд рд╢рд╛рд╣ рдФрд░ рджрд┐рд▓реНрд▓реА рдХреЗ рдореБрдЦреНрдпрдордВрддреНрд░реА рдЕрд░рд╡рд┐рдВрдж рдХреЗрдЬрд░реАрд╡рд╛рд▓ рдЖрдЬ рджрд┐рд▓реНрд▓реА рдХреЗ рдЫрддрд░рдкреБрд░ рдХреНрд╖реЗрддреНрд░ рдореЗрдВ рд░рд╛рдзрд╛ рд╕реНрд╡рд╛рдореА рдмреНрдпрд╛рд╕ рдореЗрдВтАж
29,"рдХреЗрдВрджреНрд░реАрдп рдЧреГрд╣ рдордВрддреНрд░реА рдЕрдорд┐рдд рд╢рд╛рд╣ рдФрд░ рджрд┐рд▓реНрд▓реА рдХреЗ рдореБрдЦреНрдпрдордВрддреНрд░реА рдЕрд░рд╡рд┐рдВрдж рдХреЗрдЬрд░реАрд╡рд╛рд▓ рдЖрдЬ рджрд┐рд▓реНрд▓реА рдХреЗ рдЫрддрд░рдкреБрд░ рдХреНрд╖реЗрддреНрд░ рдореЗрдВ рд░рд╛рдзрд╛ рд╕реНрд╡рд╛рдореА рдмреНрдпрд╛рд╕ рдореЗрдВ #COVID рдХреЗрдпрд░ рд╕реЗрдВрдЯрд░ рдХрд╛ рдЬрд╛рдпрдЬрд╝рд╛ рд▓реЗрдиреЗ рдЬрд╛рдПрдВрдЧреЗред
@AmitShah 
@ArvindKejriwal"
30,"рдХреЗрдВрджреНрд░реАрдп рдЧреГрд╣ рдордВрддреНрд░реА рдЕрдорд┐рдд рд╢рд╛рд╣ рдФрд░ рджрд┐рд▓реНрд▓реА рдХреЗ рдореБрдЦреНрдпрдордВрддреНрд░реА рдЕрд░рд╡рд┐рдВрдж рдХреЗрдЬрд░реАрд╡рд╛рд▓ рдЖрдЬ рджрд┐рд▓реНрд▓реА рдХреЗ рдЫрддрд░рдкреБрд░ рдХреНрд╖реЗрддреНрд░ рдореЗрдВ рд░рд╛рдзрд╛ рд╕реНрд╡рд╛рдореА рдмреНрдпрд╛рд╕ рдореЗрдВ #COVID рдХреЗрдпрд░ рд╕реЗрдВрдЯрд░ рдХрд╛ рдЬрд╛рдпрдЬрд╝рд╛ рд▓реЗрдиреЗ рдЬрд╛рдПрдВрдЧреЗред 
@ArvindKejriwal  #Corona #coronacarecentre"
31,RT @hemantrajora_: рдмрдбрд╝реА рдЦрдмрд░ : Hindu Rao рдХреЗ рдбреЙрдХреНрдЯрд░ рд╣рдбрд╝рддрд╛рд▓ рдкрд░ рдЬрд╛рдиреЗ рдХреА рддреИрдпрд╛рд░реА рдореЗрдВред HRH рдЖрдЬ рд╕реЗ рдХреЛрд╡рд┐рдб рдЕрд╕реНрдкрддрд╛рд▓ рдХреЗ рд░реВрдк рдореЗрдВ рд╢реБрд░реВ рд╣реЛ рд░рд╣рд╛ рд╣реИред  рдбреЙрдХреНрдЯрд░тАж
32,"рдЖрдкрджрд╛ рдореЗ рдЬреБрдЧрд╛рдбрд╝ рдХреЛ рдЕрд╕реНрдкрддрд╛рд▓ рдХрд╣рдиреЗ рд╡рд╛рд▓реЗ @AamAadmiParty рдХреЗ рд╕реНрд╡рд╛рд╕реНрдереНрдп рдордВрддреНрд░реА рдкреНрд░рд╛рдЗрд╡реЗрдЯ рд╣реЙрд╕реНрдкрд┐рдЯрд▓ рдореЗрдВ рдЗрд▓рд╛рдЬ рдХрд░рд╛рдХреЗ рд▓реМрдЯреЗрдВ рд╣реИред 
рдмрд╛рдмрд╛ рдХреЗ рдЖрд╢реНрд░рдо рдореЗрдВ рдмреЗрдб рд▓рдЧрд╛ рджреЗрдиреЗ рд╕реЗ рд╣реЙрд╕реНрдкрд┐рдЯрд▓ рдирд╣реА рдмрди рдЬрд╛рддрд╛!
рдЬреЛ рдмрдиреЗ рд╣реИ рдЙрдирдХреА рд╣рд╛рд▓рдд рдЗрддрдиреА рдЦрд╕реНрддрд╛ рд╣реИ рдХрд┐ рдЖрдк рдХреЗ рдордВрддреНрд░реА рд░рд╛рдЬреАрд╡ рдЧрд╛рдВрдзреА рдХреЗ рдмрджрд▓реЗ рдореИрдХреНрд╕ рд╣реЙрд╕реНрдкрд┐рдЯрд▓ рдореЗрдВ рджрд╛рдЦрд┐рд▓ рд╣реБрдпреЗред
#COVID https://t.co/GWmp6YSorf"
33,"RT @dcmvd20: рдЖрдк рд╕рд░рдХрд╛рд░реА рд╡рд┐рднрд╛рдЧ рдореЗрдВ рддреЛ RTI рд▓рдЧрд╛ рдХрд░ рдкреВрдВрдЫ рд╣реА рд▓реЛрдЧреЗ, рдкрд░ рдХреНрдпрд╛ рдЬрдм рдХрднреА Private рдХрдореНрдкрдиреА рдРрд╕реЗ рдХрд╛рдо рдХрд░рддреА рд╣реИ рдкрддрд╛ рд▓рдЧрд╡рд╛ рд╕рдХрддреЗ рд╣реЛ? рдирд╣реАрдВ рддреЛ рдлрд┐рд░ #sтАж"
34,"рдХрд╛рд░реНрдЯреВрди:- рддреЗрд▓ рдХреА рдХреАрдорддреЗрдВ рдЕрдм рдирд╣реАрдВ рдердореЗрдВрдЧреА

#petrol #diesel #corona #covid #price #kajal #cartoon #politics https://t.co/UzaVJK6eGt"
35,"RT @PeepingMoon: рддреАрди рдорд╣реАрдиреЗ рдмрд╛рдж #KasautiiZindagiiKay2 рдХреА рд╢реВрдЯрд┐рдВрдЧ рд╣реБрдИ рд░реА-рд╕реНрдЯрд╛рд░реНрдЯ,  #Corona рдХреЗ рд╕рд╛рдпреЗ рдХреЗ рдмреАрдЪ #ParthSamthaan рдиреЗ рдХреА рд╕реЗрдЯ рдкрд░ рд╡рд╛рдкрд╕реА

@тАж"
36,"RT @GhanendraB: CM @ArvindKejriwal рдЬреА рдиреЗ рдХрд╣рд╛ #COVID рдХреЗ рдЦрд┐рд▓рд╛рдл рдпреБрджреНрдз рдореЗрдВ рджрд┐рд▓реНрд▓реА рд╕рд░рдХрд╛рд░ рдХреЗ рдпрд╣ рд╣реИ 5 рд╣рдерд┐рдпрд╛рд░ :
тЬЕ рдЕрд╕реНрдкрддрд╛рд▓реЛрдВ рдореЗрдВ рдмреЗрдб рдХреА рд╕рдВрдЦреНрдпрд╛ рдмрдврд╝рд╛рдИтАж"
37,"RT @dcmvd20: рдЖрдк рд╕рд░рдХрд╛рд░реА рд╡рд┐рднрд╛рдЧ рдореЗрдВ рддреЛ RTI рд▓рдЧрд╛ рдХрд░ рдкреВрдВрдЫ рд╣реА рд▓реЛрдЧреЗ, рдкрд░ рдХреНрдпрд╛ рдЬрдм рдХрднреА Private рдХрдореНрдкрдиреА рдРрд╕реЗ рдХрд╛рдо рдХрд░рддреА рд╣реИ рдкрддрд╛ рд▓рдЧрд╡рд╛ рд╕рдХрддреЗ рд╣реЛ? рдирд╣реАрдВ рддреЛ рдлрд┐рд░ #sтАж"
38,"RT @Amitjanhit: рдЙрддреНрддрд░ рдкреНрд░рджреЗрд╢,
рдЧреБрдЬрд░рд╛рдд
рдордзреНрдп рдкреНрд░рджреЗрд╢ рдЬреИрд╕реЗ рдмреАрдЬреЗрдкреА рд╢рд╛рд╕рд┐рдд рд░рд╛рдЬреНрдпреЛрдВ рдореЗрдВ рдмреАрдЬреЗрдкреА #corona рд╕реЗ рд▓рдбрд╝рдиреЗ рдореЗрдВ рдкреВрд░реА рддрд░рд╣ рд╡рд┐рдлрд▓ рд░рд╣реА рдФрд░ рдЕрдм 

@ArvinтАж"
39,RT @AHindinews: рдХреЗрдВрджреНрд░реАрдп рдЧреГрд╣ рдордВрддреНрд░реА рдЕрдорд┐рдд рд╢рд╛рд╣ рдФрд░ рджрд┐рд▓реНрд▓реА рдХреЗ рдореБрдЦреНрдпрдордВрддреНрд░реА рдЕрд░рд╡рд┐рдВрдж рдХреЗрдЬрд░реАрд╡рд╛рд▓ рдЖрдЬ рджрд┐рд▓реНрд▓реА рдХреЗ рдЫрддрд░рдкреБрд░ рдХреНрд╖реЗрддреНрд░ рдореЗрдВ рд░рд╛рдзрд╛ рд╕реНрд╡рд╛рдореА рдмреНрдпрд╛рд╕ рдореЗрдВтАж
40,RT @AHindinews: рдХреЗрдВрджреНрд░реАрдп рдЧреГрд╣ рдордВрддреНрд░реА рдЕрдорд┐рдд рд╢рд╛рд╣ рдФрд░ рджрд┐рд▓реНрд▓реА рдХреЗ рдореБрдЦреНрдпрдордВрддреНрд░реА рдЕрд░рд╡рд┐рдВрдж рдХреЗрдЬрд░реАрд╡рд╛рд▓ рдЖрдЬ рджрд┐рд▓реНрд▓реА рдХреЗ рдЫрддрд░рдкреБрд░ рдХреНрд╖реЗрддреНрд░ рдореЗрдВ рд░рд╛рдзрд╛ рд╕реНрд╡рд╛рдореА рдмреНрдпрд╛рд╕ рдореЗрдВтАж
41,RT @AHindinews: рдХреЗрдВрджреНрд░реАрдп рдЧреГрд╣ рдордВрддреНрд░реА рдЕрдорд┐рдд рд╢рд╛рд╣ рдФрд░ рджрд┐рд▓реНрд▓реА рдХреЗ рдореБрдЦреНрдпрдордВрддреНрд░реА рдЕрд░рд╡рд┐рдВрдж рдХреЗрдЬрд░реАрд╡рд╛рд▓ рдЖрдЬ рджрд┐рд▓реНрд▓реА рдХреЗ рдЫрддрд░рдкреБрд░ рдХреНрд╖реЗрддреНрд░ рдореЗрдВ рд░рд╛рдзрд╛ рд╕реНрд╡рд╛рдореА рдмреНрдпрд╛рд╕ рдореЗрдВтАж
42,RT @AHindinews: рдХреЗрдВрджреНрд░реАрдп рдЧреГрд╣ рдордВрддреНрд░реА рдЕрдорд┐рдд рд╢рд╛рд╣ рдФрд░ рджрд┐рд▓реНрд▓реА рдХреЗ рдореБрдЦреНрдпрдордВрддреНрд░реА рдЕрд░рд╡рд┐рдВрдж рдХреЗрдЬрд░реАрд╡рд╛рд▓ рдЖрдЬ рджрд┐рд▓реНрд▓реА рдХреЗ рдЫрддрд░рдкреБрд░ рдХреНрд╖реЗрддреНрд░ рдореЗрдВ рд░рд╛рдзрд╛ рд╕реНрд╡рд╛рдореА рдмреНрдпрд╛рд╕ рдореЗрдВтАж
43,RT @AHindinews: рдХреЗрдВрджреНрд░реАрдп рдЧреГрд╣ рдордВрддреНрд░реА рдЕрдорд┐рдд рд╢рд╛рд╣ рдФрд░ рджрд┐рд▓реНрд▓реА рдХреЗ рдореБрдЦреНрдпрдордВрддреНрд░реА рдЕрд░рд╡рд┐рдВрдж рдХреЗрдЬрд░реАрд╡рд╛рд▓ рдЖрдЬ рджрд┐рд▓реНрд▓реА рдХреЗ рдЫрддрд░рдкреБрд░ рдХреНрд╖реЗрддреНрд░ рдореЗрдВ рд░рд╛рдзрд╛ рд╕реНрд╡рд╛рдореА рдмреНрдпрд╛рд╕ рдореЗрдВтАж
44,"RT @parimmalksinha: #COVID : 23 рдордЬрджреВрд░реЛрдВ рдХреА рджрд░реНрджрдирд╛рдХ рджрд╛рд╕реНрддрд╛рдВ

рдкрд╣рд▓реЗ рд╢рд╛рд░реАрд░рд┐рдХ рдФрд░ рдЕрдм рдЖрд░реНрдерд┐рдХ рдорд╛рд░ред 
рдЙрдВрдЧрд▓рд┐рдпрд╛рдВ рддрдХ рдЧрдВрд╡рд╛рдИ, рдЕрдм рд▓реЙрдХ рдбрд╛рдЙрди рдореЗрдВ рдиреМрдХрд░реА рд╕реЗ рд╣рд╛рдетАж"
45,"RT @VigyanPrasar: рджреЗрдЦрд┐рдП рдХреЛрд╡рд┐рдб-19 рдмреБрд▓реЗрдЯрд┐рди 
 @IndiaScienceTV 
@drharshvardhan @MoHFW_INDIA
@MinScTechGoI @HRDMinistry @PrinSciAdvGoI
@IndiaDSтАж"
46,RT @AHindinews: рдХреЗрдВрджреНрд░реАрдп рдЧреГрд╣ рдордВрддреНрд░реА рдЕрдорд┐рдд рд╢рд╛рд╣ рдФрд░ рджрд┐рд▓реНрд▓реА рдХреЗ рдореБрдЦреНрдпрдордВрддреНрд░реА рдЕрд░рд╡рд┐рдВрдж рдХреЗрдЬрд░реАрд╡рд╛рд▓ рдЖрдЬ рджрд┐рд▓реНрд▓реА рдХреЗ рдЫрддрд░рдкреБрд░ рдХреНрд╖реЗрддреНрд░ рдореЗрдВ рд░рд╛рдзрд╛ рд╕реНрд╡рд╛рдореА рдмреНрдпрд╛рд╕ рдореЗрдВтАж
47,рдХреЗрдВрджреНрд░реАрдп рдЧреГрд╣ рдордВрддреНрд░реА рдЕрдорд┐рдд рд╢рд╛рд╣ рдФрд░ рджрд┐рд▓реНрд▓реА рдХреЗ рдореБрдЦреНрдпрдордВрддреНрд░реА рдЕрд░рд╡рд┐рдВрдж рдХреЗрдЬрд░реАрд╡рд╛рд▓ рдЖрдЬ рджрд┐рд▓реНрд▓реА рдХреЗ рдЫрддрд░рдкреБрд░ рдХреНрд╖реЗрддреНрд░ рдореЗрдВ рд░рд╛рдзрд╛ рд╕реНрд╡рд╛рдореА рдмреНрдпрд╛рд╕ рдореЗрдВ #COVID рдХреЗрдпрд░ рд╕реЗрдВрдЯрд░ рдХрд╛ рдЬрд╛рдпрдЬрд╝рд╛ рд▓реЗрдиреЗ рдЬрд╛рдПрдВрдЧреЗред (рдлрд╛рдЗрд▓ рддрд╕реНрд╡реАрд░) https://t.co/6ySqjhyiGt
48,"RT @VigyanPrasar: рджреЗрдЦрд┐рдП рдХреЛрд╡рд┐рдб-19 рдмреБрд▓реЗрдЯрд┐рди 
 @IndiaScienceTV
@drharshvardhan  @PMCares @MoHFW_INDIA
@PrinSciAdvGoI @IndiaDST
@Ashutos61 @CSIRтАж"
49,"RT @Amitjanhit: рдЙрддреНрддрд░ рдкреНрд░рджреЗрд╢,
рдЧреБрдЬрд░рд╛рдд
рдордзреНрдп рдкреНрд░рджреЗрд╢ рдЬреИрд╕реЗ рдмреАрдЬреЗрдкреА рд╢рд╛рд╕рд┐рдд рд░рд╛рдЬреНрдпреЛрдВ рдореЗрдВ рдмреАрдЬреЗрдкреА #corona рд╕реЗ рд▓рдбрд╝рдиреЗ рдореЗрдВ рдкреВрд░реА рддрд░рд╣ рд╡рд┐рдлрд▓ рд░рд╣реА рдФрд░ рдЕрдм 

@ArvinтАж"
50,"RT @PeepingMoon: рддреАрди рдорд╣реАрдиреЗ рдмрд╛рдж #KasautiiZindagiiKay2 рдХреА рд╢реВрдЯрд┐рдВрдЧ рд╣реБрдИ рд░реА-рд╕реНрдЯрд╛рд░реНрдЯ,  #Corona рдХреЗ рд╕рд╛рдпреЗ рдХреЗ рдмреАрдЪ #ParthSamthaan рдиреЗ рдХреА рд╕реЗрдЯ рдкрд░ рд╡рд╛рдкрд╕реА

@тАж"
51,"RT @CMOfficeUP: #COVID-19 рдЬреИрд╕реА рд╡реИрд╢реНрд╡рд┐рдХ рдорд╣рд╛рдорд╛рд░реА рдХреЗ рдмрд╛рд╡рдЬреВрдж рд╕рдордп рдкрд░ рдкрд░реАрдХреНрд╖рд╛ рд╡ рд▓реЙрдХрдбрд╛рдЙрди рдХреЗ рдмрд╛рд╡рдЬреВрдж рд╕рдордп рд╕реЗ рдкрд░рд┐рдгрд╛рдо рджреЗрдиреЗ рдХреЗ рд▓рд┐рдП, рдореИрдВ рдорд╛рдзреНрдпрдорд┐рдХ рд╢рд┐рдХреНрд╖рд╛тАж"
52,"RT @GhanendraB: CM @ArvindKejriwal рдЬреА рдиреЗ рдХрд╣рд╛ #COVID рдХреЗ рдЦрд┐рд▓рд╛рдл рдпреБрджреНрдз рдореЗрдВ рджрд┐рд▓реНрд▓реА рд╕рд░рдХрд╛рд░ рдХреЗ рдпрд╣ рд╣реИ 5 рд╣рдерд┐рдпрд╛рд░ :
тЬЕ рдЕрд╕реНрдкрддрд╛рд▓реЛрдВ рдореЗрдВ рдмреЗрдб рдХреА рд╕рдВрдЦреНрдпрд╛ рдмрдврд╝рд╛рдИтАж"
53,RT @DevprakashIRS: #COVID 19 рдХреЗ рдЪрдХреНрдХрд░ рдореЗрдВ рд╢рд╛рджреА рдореЗрдВ рдЬрдм 50 рд╡реНрдпрдХреНрддрд┐рдпреЛрдВ рдХреА рд╣реА рдкрд░рдорд┐рд╢рди рдорд┐рд▓ рд░рд╣реА рд╣реИ рддреЛ рджреЛрд╕реНрддреЛрдВ рдХреЗ рд╕рд╛рде #рд░рд╛рдпрддрд╛ рдЦреАрдВрдЪрдиреЗ рдХрд╛ рджреГрд╢реНрдп рджреЗрдЦрдиреЗтАж
54,"RT @Amitjanhit: рдЙрддреНрддрд░ рдкреНрд░рджреЗрд╢,
рдЧреБрдЬрд░рд╛рдд
рдордзреНрдп рдкреНрд░рджреЗрд╢ рдЬреИрд╕реЗ рдмреАрдЬреЗрдкреА рд╢рд╛рд╕рд┐рдд рд░рд╛рдЬреНрдпреЛрдВ рдореЗрдВ рдмреАрдЬреЗрдкреА #corona рд╕реЗ рд▓рдбрд╝рдиреЗ рдореЗрдВ рдкреВрд░реА рддрд░рд╣ рд╡рд┐рдлрд▓ рд░рд╣реА рдФрд░ рдЕрдм 

@ArvinтАж"
55,"RT @CMOfficeUP: #COVID-19 рдЬреИрд╕реА рд╡реИрд╢реНрд╡рд┐рдХ рдорд╣рд╛рдорд╛рд░реА рдХреЗ рдмрд╛рд╡рдЬреВрдж рд╕рдордп рдкрд░ рдкрд░реАрдХреНрд╖рд╛ рд╡ рд▓реЙрдХрдбрд╛рдЙрди рдХреЗ рдмрд╛рд╡рдЬреВрдж рд╕рдордп рд╕реЗ рдкрд░рд┐рдгрд╛рдо рджреЗрдиреЗ рдХреЗ рд▓рд┐рдП, рдореИрдВ рдорд╛рдзреНрдпрдорд┐рдХ рд╢рд┐рдХреНрд╖рд╛тАж"
56,RT @ShubhamkuRai: @AKTU_Lucknow @AICTE_INDIA @iet_lucknow @Vineetkansal2 @HRDMinistry @CASaktu sir ek taraf #aktu to online meeting kr rahaтАж
57,"RT @PeepingMoon: рддреАрди рдорд╣реАрдиреЗ рдмрд╛рдж #KasautiiZindagiiKay2 рдХреА рд╢реВрдЯрд┐рдВрдЧ рд╣реБрдИ рд░реА-рд╕реНрдЯрд╛рд░реНрдЯ,  #Corona рдХреЗ рд╕рд╛рдпреЗ рдХреЗ рдмреАрдЪ #ParthSamthaan рдиреЗ рдХреА рд╕реЗрдЯ рдкрд░ рд╡рд╛рдкрд╕реА

@тАж"
58,"ab toh locusts bhi aa gaye,tum kab aaoogey!!

#COVID"
59,RT @DuraRamBishnoi: #Covid-19 рдХреЗ рдЦрд┐рд▓рд╛рдл рд▓рдбрд╝рд╛рдИ рдореЗрдВ рдореЗ рдПрдХ рдореЛрдмрд╛рдЗрд▓ рд╕реИрдореНрдкрд▓ рдХрд▓реЗрдХреНрд╢рди рд╡реЗрди рддреИрдпрд╛рд░ рдХрд░рд╡рд╛ рдХрд░ рд╕реНрд╡рд╛рд╕реНрдереНрдп рд╡рд┐рднрд╛рдЧ рдХреЛ рд╕реМрдВрдкреАред рд╣рдорд╛рд░реЗ рдЗрд╕ рдкреНрд░рдпрд╛рд╕ рд╕реЗтАж
60,"RT @PeepingMoon: рддреАрди рдорд╣реАрдиреЗ рдмрд╛рдж #KasautiiZindagiiKay2 рдХреА рд╢реВрдЯрд┐рдВрдЧ рд╣реБрдИ рд░реА-рд╕реНрдЯрд╛рд░реНрдЯ,  #Corona рдХреЗ рд╕рд╛рдпреЗ рдХреЗ рдмреАрдЪ #ParthSamthaan рдиреЗ рдХреА рд╕реЗрдЯ рдкрд░ рд╡рд╛рдкрд╕реА

@тАж"
61,"RT @CMOfficeUP: #COVID-19 рдЬреИрд╕реА рд╡реИрд╢реНрд╡рд┐рдХ рдорд╣рд╛рдорд╛рд░реА рдХреЗ рдмрд╛рд╡рдЬреВрдж рд╕рдордп рдкрд░ рдкрд░реАрдХреНрд╖рд╛ рд╡ рд▓реЙрдХрдбрд╛рдЙрди рдХреЗ рдмрд╛рд╡рдЬреВрдж рд╕рдордп рд╕реЗ рдкрд░рд┐рдгрд╛рдо рджреЗрдиреЗ рдХреЗ рд▓рд┐рдП, рдореИрдВ рдорд╛рдзреНрдпрдорд┐рдХ рд╢рд┐рдХреНрд╖рд╛тАж"
62,"RT @PeepingMoon: рддреАрди рдорд╣реАрдиреЗ рдмрд╛рдж #KasautiiZindagiiKay2 рдХреА рд╢реВрдЯрд┐рдВрдЧ рд╣реБрдИ рд░реА-рд╕реНрдЯрд╛рд░реНрдЯ,  #Corona рдХреЗ рд╕рд╛рдпреЗ рдХреЗ рдмреАрдЪ #ParthSamthaan рдиреЗ рдХреА рд╕реЗрдЯ рдкрд░ рд╡рд╛рдкрд╕реА

@тАж"
63,RT @hemantrajora_: рдмрдбрд╝реА рдЦрдмрд░ : Hindu Rao рдХреЗ рдбреЙрдХреНрдЯрд░ рд╣рдбрд╝рддрд╛рд▓ рдкрд░ рдЬрд╛рдиреЗ рдХреА рддреИрдпрд╛рд░реА рдореЗрдВред HRH рдЖрдЬ рд╕реЗ рдХреЛрд╡рд┐рдб рдЕрд╕реНрдкрддрд╛рд▓ рдХреЗ рд░реВрдк рдореЗрдВ рд╢реБрд░реВ рд╣реЛ рд░рд╣рд╛ рд╣реИред  рдбреЙрдХреНрдЯрд░тАж
64,RT @PanditDevendr19: рдирдлрд░рддреА рдореАрдбрд┐рдпрд╛-рд╡рд╛рдпрд░рд╕ рдиреЗ рдЗрд╕ рджреЗрд╢ рдХреЛ рдЗрд╕ рддрд░рд╣ рдмрд╛рдВрдЯ рджрд┐рдпрд╛ рд╣реИ рдХрд┐ рдЕрдм рд╣рдорд╛рд░реЗ рдорд╣рд╛рдкреБрд░реБрд╖ рдФрд░ рд╕рдВрдд рднреА рдЬрд╛рддрд┐-рдзрд░реНрдо рдХреЗ рд╣реЛ рдЧрдП рд╣реИрдВ..? рдХреНрдпрд╛ рдЕрдЬрдореЗтАж
65,"RT @CMOfficeUP: #COVID-19 рдЬреИрд╕реА рд╡реИрд╢реНрд╡рд┐рдХ рдорд╣рд╛рдорд╛рд░реА рдХреЗ рдмрд╛рд╡рдЬреВрдж рд╕рдордп рдкрд░ рдкрд░реАрдХреНрд╖рд╛ рд╡ рд▓реЙрдХрдбрд╛рдЙрди рдХреЗ рдмрд╛рд╡рдЬреВрдж рд╕рдордп рд╕реЗ рдкрд░рд┐рдгрд╛рдо рджреЗрдиреЗ рдХреЗ рд▓рд┐рдП, рдореИрдВ рдорд╛рдзреНрдпрдорд┐рдХ рд╢рд┐рдХреНрд╖рд╛тАж"
66,RT @hemantrajora_: рдмрдбрд╝реА рдЦрдмрд░ : Hindu Rao рдХреЗ рдбреЙрдХреНрдЯрд░ рд╣рдбрд╝рддрд╛рд▓ рдкрд░ рдЬрд╛рдиреЗ рдХреА рддреИрдпрд╛рд░реА рдореЗрдВред HRH рдЖрдЬ рд╕реЗ рдХреЛрд╡рд┐рдб рдЕрд╕реНрдкрддрд╛рд▓ рдХреЗ рд░реВрдк рдореЗрдВ рд╢реБрд░реВ рд╣реЛ рд░рд╣рд╛ рд╣реИред  рдбреЙрдХреНрдЯрд░тАж
67,"RT @CMOfficeUP: #COVID-19 рдЬреИрд╕реА рд╡реИрд╢реНрд╡рд┐рдХ рдорд╣рд╛рдорд╛рд░реА рдХреЗ рдмрд╛рд╡рдЬреВрдж рд╕рдордп рдкрд░ рдкрд░реАрдХреНрд╖рд╛ рд╡ рд▓реЙрдХрдбрд╛рдЙрди рдХреЗ рдмрд╛рд╡рдЬреВрдж рд╕рдордп рд╕реЗ рдкрд░рд┐рдгрд╛рдо рджреЗрдиреЗ рдХреЗ рд▓рд┐рдП, рдореИрдВ рдорд╛рдзреНрдпрдорд┐рдХ рд╢рд┐рдХреНрд╖рд╛тАж"
68,Aur bhi gam hai zamaane mein #Covid ke seva ЁЯШв https://t.co/UcVgfYeA2I
69,RT @DevprakashIRS: #COVID 19 рдХреЗ рдЪрдХреНрдХрд░ рдореЗрдВ рд╢рд╛рджреА рдореЗрдВ рдЬрдм 50 рд╡реНрдпрдХреНрддрд┐рдпреЛрдВ рдХреА рд╣реА рдкрд░рдорд┐рд╢рди рдорд┐рд▓ рд░рд╣реА рд╣реИ рддреЛ рджреЛрд╕реНрддреЛрдВ рдХреЗ рд╕рд╛рде #рд░рд╛рдпрддрд╛ рдЦреАрдВрдЪрдиреЗ рдХрд╛ рджреГрд╢реНрдп рджреЗрдЦрдиреЗтАж
70,"RT @CMOfficeUP: #COVID-19 рдЬреИрд╕реА рд╡реИрд╢реНрд╡рд┐рдХ рдорд╣рд╛рдорд╛рд░реА рдХреЗ рдмрд╛рд╡рдЬреВрдж рд╕рдордп рдкрд░ рдкрд░реАрдХреНрд╖рд╛ рд╡ рд▓реЙрдХрдбрд╛рдЙрди рдХреЗ рдмрд╛рд╡рдЬреВрдж рд╕рдордп рд╕реЗ рдкрд░рд┐рдгрд╛рдо рджреЗрдиреЗ рдХреЗ рд▓рд┐рдП, рдореИрдВ рдорд╛рдзреНрдпрдорд┐рдХ рд╢рд┐рдХреНрд╖рд╛тАж"
71,"RT @PeepingMoon: рддреАрди рдорд╣реАрдиреЗ рдмрд╛рдж #KasautiiZindagiiKay2 рдХреА рд╢реВрдЯрд┐рдВрдЧ рд╣реБрдИ рд░реА-рд╕реНрдЯрд╛рд░реНрдЯ,  #Corona рдХреЗ рд╕рд╛рдпреЗ рдХреЗ рдмреАрдЪ #ParthSamthaan рдиреЗ рдХреА рд╕реЗрдЯ рдкрд░ рд╡рд╛рдкрд╕реА

@тАж"
72,"RT @PeepingMoon: рддреАрди рдорд╣реАрдиреЗ рдмрд╛рдж #KasautiiZindagiiKay2 рдХреА рд╢реВрдЯрд┐рдВрдЧ рд╣реБрдИ рд░реА-рд╕реНрдЯрд╛рд░реНрдЯ,  #Corona рдХреЗ рд╕рд╛рдпреЗ рдХреЗ рдмреАрдЪ #ParthSamthaan рдиреЗ рдХреА рд╕реЗрдЯ рдкрд░ рд╡рд╛рдкрд╕реА

@тАж"
73,"RT @PeepingMoon: рддреАрди рдорд╣реАрдиреЗ рдмрд╛рдж #KasautiiZindagiiKay2 рдХреА рд╢реВрдЯрд┐рдВрдЧ рд╣реБрдИ рд░реА-рд╕реНрдЯрд╛рд░реНрдЯ,  #Corona рдХреЗ рд╕рд╛рдпреЗ рдХреЗ рдмреАрдЪ #ParthSamthaan рдиреЗ рдХреА рд╕реЗрдЯ рдкрд░ рд╡рд╛рдкрд╕реА

@тАж"
74,"рдЧреЛрдореВрдд-рдЧреЛрд╡рд░ рдХрд╛ рднреЛрдЬрди рдХрд░рдиреЗ рд╡рд╛рд▓реЗ рдЕрдиреНрдзреНрднрдХреНрдд рдФрд░ рднрд╛рд░рдд рдХреЗ рдкреНрд░рдзрд╛рдирдордВрддреНрд░реА рдиреЗ рдкрд╣рд▓реЗ рд╣реА рджреБрдирд┐рдпрд╛ рднрд░ рдореЗрдВ рднрд╛рд░рдд рдХреА рдордЬрд╝рд╛рдХрд╝ рдмрдирд╡рд╛ рд░рдЦреА рдереА рдХреЗ рдЕрдм 
рдмрд╛рдмрд╛ рд╣рд░рд╛рдорджреЗрд╡ рдиреЗ рдЕрдкрдиреА рдЬрд╣рд╛рд▓рдд рдХреА рд╡рдЬрд╛рд╣ рд╕реЗ,рдЗрдореНрдпреБрдирд┐рдЯреА рдУрд░ рдмреБрдЦрд╝рд╛рд░ рдХреА рджрд╡рд╛ рдХреЛ #Covid-19 рдХреА рджрд╡рд╛ рдХрд╛ рджрд╛рд╡рд╛ рдХрд░рдХреЗ рдкреБрд░реА рджреБрдирд┐рдпрд╛рдБ рдореЗрдВ рднрд╛рд░рдд рдХреА рдордЬрд╝рд╛рдХрд╝ рдмрдирд╡рд╛ рджреА рд╣реИред

#LaanatHaiYaar"
75,"RT @Amitjanhit: рдЙрддреНрддрд░ рдкреНрд░рджреЗрд╢,
рдЧреБрдЬрд░рд╛рдд
рдордзреНрдп рдкреНрд░рджреЗрд╢ рдЬреИрд╕реЗ рдмреАрдЬреЗрдкреА рд╢рд╛рд╕рд┐рдд рд░рд╛рдЬреНрдпреЛрдВ рдореЗрдВ рдмреАрдЬреЗрдкреА #corona рд╕реЗ рд▓рдбрд╝рдиреЗ рдореЗрдВ рдкреВрд░реА рддрд░рд╣ рд╡рд┐рдлрд▓ рд░рд╣реА рдФрд░ рдЕрдм 

@ArvinтАж"
76,"RT @PeepingMoon: рддреАрди рдорд╣реАрдиреЗ рдмрд╛рдж #KasautiiZindagiiKay2 рдХреА рд╢реВрдЯрд┐рдВрдЧ рд╣реБрдИ рд░реА-рд╕реНрдЯрд╛рд░реНрдЯ,  #Corona рдХреЗ рд╕рд╛рдпреЗ рдХреЗ рдмреАрдЪ #ParthSamthaan рдиреЗ рдХреА рд╕реЗрдЯ рдкрд░ рд╡рд╛рдкрд╕реА

@тАж"
77,"RT @PeepingMoon: рддреАрди рдорд╣реАрдиреЗ рдмрд╛рдж #KasautiiZindagiiKay2 рдХреА рд╢реВрдЯрд┐рдВрдЧ рд╣реБрдИ рд░реА-рд╕реНрдЯрд╛рд░реНрдЯ,  #Corona рдХреЗ рд╕рд╛рдпреЗ рдХреЗ рдмреАрдЪ #ParthSamthaan рдиреЗ рдХреА рд╕реЗрдЯ рдкрд░ рд╡рд╛рдкрд╕реА

@тАж"
78,"рдкреНрд░реЗрдЧреНрдиреЗрдВрдЯ рдорд╣рд┐рд▓рд╛рдУрдВ рдореЗрдВ рдХреЛрд╡рд┐рдб-19 рд╕рдВрдХреНрд░рдордг рдХрд╛ рдЧрдВрднреАрд░ рдЦрддрд░рд╛, рдпреВрдВ рд░рдЦреЗрдВ рдЦреБрдж рдХреЛ рд╕реЗрдл рдФрд░ рд╣реЗрд▓реНрджреА 
 #Coronavirus #COVID-19 #PregnancyTips #PregnantWomen #рдХреЛрд░реЛрдирд╛рд╡рд╛рдпрд░рд╕ 
 https://t.co/Rig3mqvtcV"
79,RT @DevprakashIRS: #COVID 19 рдХреЗ рдЪрдХреНрдХрд░ рдореЗрдВ рд╢рд╛рджреА рдореЗрдВ рдЬрдм 50 рд╡реНрдпрдХреНрддрд┐рдпреЛрдВ рдХреА рд╣реА рдкрд░рдорд┐рд╢рди рдорд┐рд▓ рд░рд╣реА рд╣реИ рддреЛ рджреЛрд╕реНрддреЛрдВ рдХреЗ рд╕рд╛рде #рд░рд╛рдпрддрд╛ рдЦреАрдВрдЪрдиреЗ рдХрд╛ рджреГрд╢реНрдп рджреЗрдЦрдиреЗтАж
80,"RT @CMOfficeUP: #COVID-19 рдЬреИрд╕реА рд╡реИрд╢реНрд╡рд┐рдХ рдорд╣рд╛рдорд╛рд░реА рдХреЗ рдмрд╛рд╡рдЬреВрдж рд╕рдордп рдкрд░ рдкрд░реАрдХреНрд╖рд╛ рд╡ рд▓реЙрдХрдбрд╛рдЙрди рдХреЗ рдмрд╛рд╡рдЬреВрдж рд╕рдордп рд╕реЗ рдкрд░рд┐рдгрд╛рдо рджреЗрдиреЗ рдХреЗ рд▓рд┐рдП, рдореИрдВ рдорд╛рдзреНрдпрдорд┐рдХ рд╢рд┐рдХреНрд╖рд╛тАж"
81,"RT @CMOfficeUP: #COVID-19 рдЬреИрд╕реА рд╡реИрд╢реНрд╡рд┐рдХ рдорд╣рд╛рдорд╛рд░реА рдХреЗ рдмрд╛рд╡рдЬреВрдж рд╕рдордп рдкрд░ рдкрд░реАрдХреНрд╖рд╛ рд╡ рд▓реЙрдХрдбрд╛рдЙрди рдХреЗ рдмрд╛рд╡рдЬреВрдж рд╕рдордп рд╕реЗ рдкрд░рд┐рдгрд╛рдо рджреЗрдиреЗ рдХреЗ рд▓рд┐рдП, рдореИрдВ рдорд╛рдзреНрдпрдорд┐рдХ рд╢рд┐рдХреНрд╖рд╛тАж"
82,RT @GhanendraB: 80 рджрд┐рди рддрдХ рджрд┐рд▓реНрд▓реА рд╕рд░рдХрд╛рд░ рдореБрдЦреНрдпрдордВрддреНрд░реА @ArvindKejriwal рдЬреА рдХреЗ рдиреЗрддреГрддреНрд╡ рдореЗ рдЕрдХреЗрд▓реЗ  #COVID рд╕реЗ рд▓рдбрд╝рддреА рд░рд╣реА рдЕрд╕реНрдкрддрд╛рд▓реЛрдВ рдореЗ рдЬрд░реВрд░реА рдЗрдВрддрдЬрд╛рдо рдЙрдктАж
83,"RT @GhanendraB: CM @ArvindKejriwal рдЬреА рдиреЗ рдХрд╣рд╛ #COVID рдХреЗ рдЦрд┐рд▓рд╛рдл рдпреБрджреНрдз рдореЗрдВ рджрд┐рд▓реНрд▓реА рд╕рд░рдХрд╛рд░ рдХреЗ рдпрд╣ рд╣реИ 5 рд╣рдерд┐рдпрд╛рд░ :
тЬЕ рдЕрд╕реНрдкрддрд╛рд▓реЛрдВ рдореЗрдВ рдмреЗрдб рдХреА рд╕рдВрдЦреНрдпрд╛ рдмрдврд╝рд╛рдИтАж"
84,"RT @NishantGulati18: рднрд╛рд░рддреАрдп рдЦрд╛рдж рдирд┐рдЧрдо рдирд░реЗрд▓рд╛ ( рджрд┐рд▓реНрд▓реА )| рдореИрдВ рдирд╣реАрдВ рд╣реЛ рд░рд╣рд╛ рд╣реИ рд╕реЛрд╢рд▓ рдбрд┐рд╕реНрдЯреЗрдВрд╕рд┐рдВрдЧ рдХрд╛ рдкрд╛рд▓рди|
@AshwaniKumarAdv @CMODelhi 
@ImranHussaтАж"
85,"RT @CMOfficeUP: #COVID-19 рдЬреИрд╕реА рд╡реИрд╢реНрд╡рд┐рдХ рдорд╣рд╛рдорд╛рд░реА рдХреЗ рдмрд╛рд╡рдЬреВрдж рд╕рдордп рдкрд░ рдкрд░реАрдХреНрд╖рд╛ рд╡ рд▓реЙрдХрдбрд╛рдЙрди рдХреЗ рдмрд╛рд╡рдЬреВрдж рд╕рдордп рд╕реЗ рдкрд░рд┐рдгрд╛рдо рджреЗрдиреЗ рдХреЗ рд▓рд┐рдП, рдореИрдВ рдорд╛рдзреНрдпрдорд┐рдХ рд╢рд┐рдХреНрд╖рд╛тАж"
86,"RT @CMOfficeUP: #COVID-19 рдЬреИрд╕реА рд╡реИрд╢реНрд╡рд┐рдХ рдорд╣рд╛рдорд╛рд░реА рдХреЗ рдмрд╛рд╡рдЬреВрдж рд╕рдордп рдкрд░ рдкрд░реАрдХреНрд╖рд╛ рд╡ рд▓реЙрдХрдбрд╛рдЙрди рдХреЗ рдмрд╛рд╡рдЬреВрдж рд╕рдордп рд╕реЗ рдкрд░рд┐рдгрд╛рдо рджреЗрдиреЗ рдХреЗ рд▓рд┐рдП, рдореИрдВ рдорд╛рдзреНрдпрдорд┐рдХ рд╢рд┐рдХреНрд╖рд╛тАж"
87,"RT @GhanendraB: CM @ArvindKejriwal рдЬреА рдиреЗ рдХрд╣рд╛ #COVID рдХреЗ рдЦрд┐рд▓рд╛рдл рдпреБрджреНрдз рдореЗрдВ рджрд┐рд▓реНрд▓реА рд╕рд░рдХрд╛рд░ рдХреЗ рдпрд╣ рд╣реИ 5 рд╣рдерд┐рдпрд╛рд░ :
тЬЕ рдЕрд╕реНрдкрддрд╛рд▓реЛрдВ рдореЗрдВ рдмреЗрдб рдХреА рд╕рдВрдЦреНрдпрд╛ рдмрдврд╝рд╛рдИтАж"
88,"@PrashantKishor рд╣рдорд╛рд░реЗ рдкреНрд░рдзрд╛рдирдордВрддреНрд░реА рдЬреА рдФрд░ рдЙрдирдХреЗ рдиреЗрддрд╛ рд╣рдорд╛рд░реЗ рджреЗрд╢ рдХреЛ рдмрд╕ рдЗрддрдирд╛ рд╣реА рджрд┐рд▓рд╛рд╕рд╛ рджрд┐рд▓рд╛рдиреЗ рдЬрд╛рдирддреЗ рд╣реИрдВ рдмрд╛рдХреА рджреЗрд╢реЛрдВ рдХреЗ 
#Covid"
89,"рднрд╛рд░рддреАрдп рдЦрд╛рдж рдирд┐рдЧрдо рдирд░реЗрд▓рд╛ ( рджрд┐рд▓реНрд▓реА )| рдореИрдВ рдирд╣реАрдВ рд╣реЛ рд░рд╣рд╛ рд╣реИ рд╕реЛрд╢рд▓ рдбрд┐рд╕реНрдЯреЗрдВрд╕рд┐рдВрдЧ рдХрд╛ рдкрд╛рд▓рди|
@AshwaniKumarAdv @CMODelhi 
@ImranHussaain 
@ANI 
@AlediaSunil 
@AamAadmiParty 
#coronavirus #COVID #socialmedia
@aajtak
@ZeeNews 
@TwitterRetweets 
#RetweeetPlease https://t.co/aEb9xt9jFW"
90,"RT @Amitjanhit: рдЙрддреНрддрд░ рдкреНрд░рджреЗрд╢,
рдЧреБрдЬрд░рд╛рдд
рдордзреНрдп рдкреНрд░рджреЗрд╢ рдЬреИрд╕реЗ рдмреАрдЬреЗрдкреА рд╢рд╛рд╕рд┐рдд рд░рд╛рдЬреНрдпреЛрдВ рдореЗрдВ рдмреАрдЬреЗрдкреА #corona рд╕реЗ рд▓рдбрд╝рдиреЗ рдореЗрдВ рдкреВрд░реА рддрд░рд╣ рд╡рд┐рдлрд▓ рд░рд╣реА рдФрд░ рдЕрдм 

@ArvinтАж"
91,"RT @Amitjanhit: рдЙрддреНрддрд░ рдкреНрд░рджреЗрд╢,
рдЧреБрдЬрд░рд╛рдд
рдордзреНрдп рдкреНрд░рджреЗрд╢ рдЬреИрд╕реЗ рдмреАрдЬреЗрдкреА рд╢рд╛рд╕рд┐рдд рд░рд╛рдЬреНрдпреЛрдВ рдореЗрдВ рдмреАрдЬреЗрдкреА #corona рд╕реЗ рд▓рдбрд╝рдиреЗ рдореЗрдВ рдкреВрд░реА рддрд░рд╣ рд╡рд┐рдлрд▓ рд░рд╣реА рдФрд░ рдЕрдм 

@ArvinтАж"
92,"RT @CMOfficeUP: #COVID-19 рдЬреИрд╕реА рд╡реИрд╢реНрд╡рд┐рдХ рдорд╣рд╛рдорд╛рд░реА рдХреЗ рдмрд╛рд╡рдЬреВрдж рд╕рдордп рдкрд░ рдкрд░реАрдХреНрд╖рд╛ рд╡ рд▓реЙрдХрдбрд╛рдЙрди рдХреЗ рдмрд╛рд╡рдЬреВрдж рд╕рдордп рд╕реЗ рдкрд░рд┐рдгрд╛рдо рджреЗрдиреЗ рдХреЗ рд▓рд┐рдП, рдореИрдВ рдорд╛рдзреНрдпрдорд┐рдХ рд╢рд┐рдХреНрд╖рд╛тАж"
93,"RT @Amitjanhit: рдЙрддреНрддрд░ рдкреНрд░рджреЗрд╢,
рдЧреБрдЬрд░рд╛рдд
рдордзреНрдп рдкреНрд░рджреЗрд╢ рдЬреИрд╕реЗ рдмреАрдЬреЗрдкреА рд╢рд╛рд╕рд┐рдд рд░рд╛рдЬреНрдпреЛрдВ рдореЗрдВ рдмреАрдЬреЗрдкреА #corona рд╕реЗ рд▓рдбрд╝рдиреЗ рдореЗрдВ рдкреВрд░реА рддрд░рд╣ рд╡рд┐рдлрд▓ рд░рд╣реА рдФрд░ рдЕрдм 

@ArvinтАж"
94,"рднрд╛рд░рддреАрдп рдЦрд╛рдж рдирд┐рдЧрдо рдирд░реЗрд▓рд╛ ( рджрд┐рд▓реНрд▓реА )| рдореИрдВ рдирд╣реАрдВ рд╣реЛ рд░рд╣рд╛ рд╣реИ рд╕реЛрд╢рд▓ рдбрд┐рд╕реНрдЯреЗрдВрд╕рд┐рдВрдЧ рдХрд╛ рдкрд╛рд▓рди|
@AshwaniKumarAdv @CMODelhi 
@ImranHussaain 
@ANI 
@AlediaSunil 
@AamAadmiParty 
#coronavirus #COVID #socialmedia https://t.co/uU5kEDYvMd"
95,"RT @Amitjanhit: рдЙрддреНрддрд░ рдкреНрд░рджреЗрд╢,
рдЧреБрдЬрд░рд╛рдд
рдордзреНрдп рдкреНрд░рджреЗрд╢ рдЬреИрд╕реЗ рдмреАрдЬреЗрдкреА рд╢рд╛рд╕рд┐рдд рд░рд╛рдЬреНрдпреЛрдВ рдореЗрдВ рдмреАрдЬреЗрдкреА #corona рд╕реЗ рд▓рдбрд╝рдиреЗ рдореЗрдВ рдкреВрд░реА рддрд░рд╣ рд╡рд┐рдлрд▓ рд░рд╣реА рдФрд░ рдЕрдм 

@ArvinтАж"
96,RT @hemantrajora_: рдмрдбрд╝реА рдЦрдмрд░ : Hindu Rao рдХреЗ рдбреЙрдХреНрдЯрд░ рд╣рдбрд╝рддрд╛рд▓ рдкрд░ рдЬрд╛рдиреЗ рдХреА рддреИрдпрд╛рд░реА рдореЗрдВред HRH рдЖрдЬ рд╕реЗ рдХреЛрд╡рд┐рдб рдЕрд╕реНрдкрддрд╛рд▓ рдХреЗ рд░реВрдк рдореЗрдВ рд╢реБрд░реВ рд╣реЛ рд░рд╣рд╛ рд╣реИред  рдбреЙрдХреНрдЯрд░тАж
97,RT @DuraRamBishnoi: #Covid-19 рдХреЗ рдЦрд┐рд▓рд╛рдл рд▓рдбрд╝рд╛рдИ рдореЗрдВ рдореЗ рдПрдХ рдореЛрдмрд╛рдЗрд▓ рд╕реИрдореНрдкрд▓ рдХрд▓реЗрдХреНрд╢рди рд╡реЗрди рддреИрдпрд╛рд░ рдХрд░рд╡рд╛ рдХрд░ рд╕реНрд╡рд╛рд╕реНрдереНрдп рд╡рд┐рднрд╛рдЧ рдХреЛ рд╕реМрдВрдкреАред рд╣рдорд╛рд░реЗ рдЗрд╕ рдкреНрд░рдпрд╛рд╕ рд╕реЗтАж
98,"RT @Amitjanhit: рдЙрддреНрддрд░ рдкреНрд░рджреЗрд╢,
рдЧреБрдЬрд░рд╛рдд
рдордзреНрдп рдкреНрд░рджреЗрд╢ рдЬреИрд╕реЗ рдмреАрдЬреЗрдкреА рд╢рд╛рд╕рд┐рдд рд░рд╛рдЬреНрдпреЛрдВ рдореЗрдВ рдмреАрдЬреЗрдкреА #corona рд╕реЗ рд▓рдбрд╝рдиреЗ рдореЗрдВ рдкреВрд░реА рддрд░рд╣ рд╡рд┐рдлрд▓ рд░рд╣реА рдФрд░ рдЕрдм 

@ArvinтАж"
99,"рдЙрддреНрддрд░ рдкреНрд░рджреЗрд╢,
рдЧреБрдЬрд░рд╛рдд
рдордзреНрдп рдкреНрд░рджреЗрд╢ рдЬреИрд╕реЗ рдмреАрдЬреЗрдкреА рд╢рд╛рд╕рд┐рдд рд░рд╛рдЬреНрдпреЛрдВ рдореЗрдВ рдмреАрдЬреЗрдкреА #corona рд╕реЗ рд▓рдбрд╝рдиреЗ рдореЗрдВ рдкреВрд░реА рддрд░рд╣ рд╡рд┐рдлрд▓ рд░рд╣реА рдФрд░ рдЕрдм 

@ArvindKejriwal рд╕рд░рдХрд╛рд░  рджреНрд╡рд╛рд░рд╛ рдмрдирд╛рдпрд╛ рдЧрдпрд╛ рджреБрдирд┐рдпрд╛ рдХрд╛ рд╕рдмрд╕реЗ рдмрдбрд╝рд╛ #COVID center рдХрд╛ рд╢реНрд░реЗрдп BJP рд▓реЗрдирд╛ рдЪрд╛рд╣рддреА рд╣реИ..
https://t.co/EZUQdlcwgK"
