,tweet_id,text,Has_Verifiable_Claim
0,1265499005762646022,"ржнрж╛рж░рждрзЗ ржХрж░рзЛржирж╛ ржЖржХрзНрж░рж╛ржирзНрждрзЗрж░ рж╕ржВржЦрзНржпрж╛ ржжрзЗржбрж╝ рж▓рж╛ржЦ ржЫрж╛ржбрж╝рж┐ржпрж╝рзЗ ржЧрзЗрж▓ред ржЧржд рзирзк ржШржгрзНржЯрж╛ржпрж╝ ржирждрзБржи ржХрж░рзЗ ржЖржХрзНрж░рж╛ржирзНржд рж╣ржпрж╝рзЗржЫрзЗржи рзмрзйрзорзн ржЬржиред ржХрзЗржирзНржжрзНрж░рзАржпрж╝ рж╕рзНржмрж╛рж╕рзНржерзНржпржоржирзНрждрзНрж░ржХрзЗрж░ ржмрзБрж▓рзЗржЯрж┐ржи ржЕржирзБржпрж╛ржпрж╝рзА, рзирзн ржорзЗ, ржмрзБржзржмрж╛рж░, рж╕ржХрж╛рж▓ рзоржЯрж╛ ржкрж░рзНржпржирзНржд ржжрзЗрж╢рзЗ ржХрж░рзЛржирж╛ ржЖржХрзНрж░рж╛ржирзНрждрзЗрж░ рж╕ржВржЦрзНржпрж╛ рзз,рзлрзз,рзнрзмрзнред
@MoHFW_INDIA #COVID19India #COVID__19 pic.twitter.com/hftwkb7uDP",Yes
1,1265496913748647937,"@KolkataPolice -ржП ржХрж░рзЛржирж╛ ржЖржХрзНрж░рж╛ржирзНрждрзЗрж░ рж╕ржВржЦрзНржпрж╛ ржЫрж╛ржбрж╝рж╛рж▓ рзмрзоред рждрж╛рж░ ржоржзрзНржпрзЗ рж╕рзБрж╕рзНрже рж╣ржпрж╝рзЗржЫрзЗржи рзирзп ржЬржи...
#COVID19 #CoronavirusKolkata #CoronaPositive #CautionYesPanicNo #RealNews #EiSamay https://eisamay.indiatimes.com/west-bengal-news/others/coronavirus-cases-disease-deaths-in-west-bengal-kolkata-howrah-hooghly-live-updates/articleshow/76022481.cms┬атАж",Yes
2,1265494825706586113,"ржХрж░рзЛржирж╛рж░ ржЬржирзНржп ржжрзБ'ржорж╛рж╕рзЗрж░ ржУржкрж░ рж▓ржХржбрж╛ржЙржиред рж╕рж╛ржерзЗ ржЖржоржлрж╛ржирзЗрж░ ржкрзНрж░ржХрзЛржкред ржХрж▓ржХрж╛рждрж╛ржпрж╝ ржкржбрж╝рждрзЗ ржЖрж╕рж╛ ржкрзНрж░рж╛ржирзНрждрж┐ржХ ржЫрж╛рждрзНрж░ржЫрж╛рждрзНрж░рзАржжрзЗрж░ ржЕржмрж╕рзНржерж╛рж░ ржЦрзЛржБржЬ ржирж┐ржпрж╝рзЗржЫрзЗржи? 
рж▓ржХржбрж╛ржЙржирзЗрж░ ржПржХржорж╛рж╕ ржкрж░ ржкрж░рзАржХрзНрж╖рж╛ ржирзЗржУржпрж╝рж╛ ржЪрж▓ржмрзЗржирж╛рз╖ ржкрзНрж░рждрзНржпрзЗржХрзЗрж░ рж╕рзНржмрж╛рж╕рзНржерзНржп рж╕рзБрж░ржХрзНрж╖рж╛рж░ ржмрзНржпржмрж╕рзНржерж╛ ржХрж░рждрзЗ рж╣ржмрзЗред 
#CalcuttaUniversirty
#againstexam
#COVID__19
@MamataOfficial",Yes
3,1265494731150278656,"ржЧрж░рзНржнржмрждрзА рж╣ржУржпрж╝рж╛рж░ рж╕рждрзНржмрзЗржУ,
#ржХрж░рзЛржирж╛(Covid 19) ржорж╣рж╛ржорж╛рж░рзАрж░ ржХрж╛рж░ржгрзЗ ржПржЗ
#ржорж╣рж┐рж▓рж╛ ржбрж╛ржХрзНрждрж╛рж░ ржирж┐ржЬрзЗрж░ Duty ржХрж░рзЗ ржпрж╛ржЪрзНржЫрзЗржиредред
рж╣рзГржжржпрж╝ ржерзЗржХрзЗ рждрж╛рж░ ржжрзЗрж╢ржкрзНрж░рзЗржо ржХрзЗ рж╕рж╛рж▓рж╛ржоЁЯЗоЁЯЗ│ЁЯЗоЁЯЗ│ pic.twitter.com/TwkLdrolf8",Yes
4,1265493658880671745,ржмрж┐ржорж╛ржи-ржпрж╛рждрзНрж░рзАржжрзЗрж░ ржХрзЛржи рж░рж╛ржЬрзНржпрзЗ ржХржд ржжрж┐ржи ржХрзЛржпрж╝рж╛рж░рзЗржирзНржЯрж╛ржЗржирзЗ ржерж╛ржХрждрзЗ рж╣ржмрзЗ ? ржЬрзЗржирзЗ ржирж┐ржи | coronavirus-latest-news  https://newsparho.in/2020/05/27/%e0%a6%ac%e0%a6%bf%e0%a6%ae%e0%a6%be%e0%a6%a8-%e0%a6%af%e0%a6%be%e0%a6%a4%e0%a7%8d%e0%a6%b0%e0%a7%80%e0%a6%a6%e0%a7%87%e0%a6%b0-%e0%a6%95%e0%a7%8b%e0%a6%a8-%e0%a6%b0%e0%a6%be%e0%a6%9c%e0%a7%8d/┬атАж,Yes
5,1265492720166068224,"ржЧржд рзирзк ржШржирзНржЯрж╛ржпрж╝ ржжрзЗрж╢рзЗ ржХрж░рзЛржирж╛ ржЖржХрзНрж░рж╛ржирзНрждрзЗрж░ рж╕ржВржЦрзНржпрж╛ ржмрзЗржбрж╝рзЗржЫрзЗ рзмрзйрзорзнред ржорзГрждрзНржпрзБ рж╣ржпрж╝рзЗржЫрзЗ рззрзнрзж ржЬржирзЗрж░...
#COVID19Pandemic #COVID__19 #CoronavirusIndia #CoronaUpdatesInIndia #CautionYesPanicNo #EiSamay https://eisamay.indiatimes.com/nation/coronavirus-pandemic-death-cases-latest-news-in-india-live-updates/articleshow/76022818.cms┬атАж",Yes
6,1265491930307342341,"Covid-19 ржЖржХрзНрж░рж╛ржирзНржд ржЕржирзНржпрж╛ржирзНржп ржжрзЗрж╢рзЗрж░ рждрзБрж▓ржирж╛ржпрж╝ ржнрж╛рж░рждрзЗрж░ рж╕рзБрж╕рзНржерждрж╛рж░ рж╣рж╛рж░ ржПржЦржирзЛ ржкрж░рзНржпржирзНржд рж╕рж░рзНржмрзЛржЪрзНржЪ

рззрзирзл,рзжрзжрзж+ ржХрзНрж╖рзЗрждрзНрж░рзЗ рж╕рзБрж╕рзНржерждрж╛рж░ рж╣рж╛рж░
@NisithPramanik @narendramodi @JPNadda @AmitShah @DilipGhoshBJP @samit_dash @KhanSaumitra @basusayan @subratowb @SuPriyoBabul @me_locket @BJP4Bengal @BJPMM4Bengal pic.twitter.com/lZ4L1vRRbg",Yes
7,1265491093585563648,ржорж╛ ржПржЗ COVID-19 ржерзЗржХрзЗ рж╕ржмрж╛ржЗржХрзЗ рж░ржХрзНрж╖рж╛ ржХрж░рзЛ...ЁЯЩПЁЯЩПЁЯЩП  pic.twitter.com/3AqNtQaOaq,No
8,1265483898030620672,"рж╢ржкрж┐ржВржпрж╝рзЗ ржЧрж┐ржпрж╝рзЗ ржХрж░рзЛржирж╛ ржЖржХрзНрж░рж╛ржирзНржд ржЧрзЛрж▓рж░ржХрзНрж╖ржХ рж░рж╛ржорж╕ржбрзЗрж▓рзЗ
#ржЗрждрзНрждрзЗржлрж╛ржХ #ittefaq #ржХрж░рзЛржирж╛ #covid19 #coronavirus
 https://www.ittefaq.com.bd/sports/153979/%E0%A6%B6%E0%A6%AA%E0%A6%BF%E0%A6%82%E0%A7%9F%E0%A7%87-%E0%A6%97%E0%A6%BF%E0%A7%9F%E0%A7%87-%E0%A6%95%E0%A6%B0%E0%A7%8B%E0%A6%A8%E0%A6%BE-%E0%A6%86%E0%A6%95%E0%A7%8D%E0%A6%B0%E0%A6%BE%E0%A6%A8%E0%A7%8D%E0%A6%A4-%E0%A6%97%E0%A7%8B%E0%A6%B2%E0%A6%B0%E0%A6%95%E0%A7%8D%E0%A6%B7%E0%A6%95-%E0%A6%B0%E0%A6%BE%E0%A6%AE%E0%A6%B8%E0%A6%A1%E0%A7%87%E0%A6%B2%E0%A7%87#.Xs3bIddddEs.twitter┬атАж",Yes
9,1265481244038492160,"@Andal ржП ржХрзЛржирзЛ Corona Positive рж▓рзЛржХ ржирзЗржЗ, ржЕржЬржерж╛ ржЧрзБржЬржм рж░ржЯрж╛ржмрзЗржи ржирж╛ред ЁЯдЧ",No
10,1265480654654828544,"ржлрзНрж░рж╛ржирзНрж╕рзЗ ржПржХржжрж┐ржи ржирж╛рж░рзНрж╕рж╛рж░рж┐ ржУ ржкрзНрж░рж╛ржЗржорж╛рж░рж┐ рж╕рзНржХрзБрж▓ ржЦрж▓рж╛рждрзЗржЗ рзнрзж ржЬржи corona ржЖржХрзНрж░рж╛ржирзНржд рж╣ржпрж╝рзЗржЫрзЗ ,ржПржЗ ржжрзВржГрж╕ржВржмрж╛ржж рж╢рзЛржирж╛рж░ ржкрж░рзЗржУ ржпрзЗ ржХрзА ржХрж░рзЗ HS exam рж╕ржорзНржнрж╛ржмрзНржп ржжрж┐ржи ржЧрзБрж▓рж┐ ржмрж╛рждрж┐рж▓ ржХрж░рж╛ рж╣ржЪрзНржЫрзЗ ржирж╛ ржЯрж╛ рж╕рждрзНржпрж┐ред ржПржмрзБржЭрждрзЗ ржкрж╛рж░ржЫрж┐ ржирж╛ред рж╕рзЗржЦрж╛ржирзЗ рж╢рзБржзрзБ ржЫрж╛рждрзНрж░ ржиржпрж╝ рж╕рж╛ржерзЗ guardian ржУ рж╢рж┐ржХрзНрж╖ржХ ржжрзЗрж░ ржУ рж╕рзБрж░ржХрзНрж╖рж╛ ржирзЗржЗредред",Yes
11,1265476669034332160," http://www.newshut.co.in/indian-football-team-midfielder-indumathi-kathiresan-fighting-against-corona-on-the-streets/┬атАж
ржЦрж╛ржХрж┐ ржЙрж░рзНржжрж┐рждрзЗ ржХрж░рзЛржирж╛ ржорзЛржХрж╛ржмрж┐рж▓рж╛ржпрж╝ рж░рж╛рж╕рзНрждрж╛ржпрж╝ ржирж╛ржорж▓рзЗржи ржлрзБржЯржмрж▓рж╛рж░ ржЗржирзНржжрзБржорждрзА
#indianfootballteam #midfielder #indumathikathiresan #coronavirus",Yes
12,1265456582470455297,"CORONA LOCKDOWN 4 LIVE UPDATES: рж╣ржЯрж╕рзНржкржЯ ржорж╣рж╛рж░рж╛рж╖рзНржЯрзНрж░ ржерзЗржХрзЗ рж╣рж╛ржЬрж╛рж░ рж╣рж╛ржЬрж╛рж░ ржкрж░рж┐ржпрж╛ржпрж╝рзА рж╢рзНрж░ржорж┐ржХ ржлрж┐рж░ржЫрзЗ ржмрж╛ржВрж▓рж╛ржпрж╝, ржЙржжрзНржмрж┐ржЧрзНржи рж░рж╛ржЬрзНржп
 https://bengali.abplive.com/news/coronavirus-live-updates-bengal-covid-19-corona-cases-latest-news-lockdown-4-live-updates-690635┬атАж
#COVID #Covid_19 #MigrantLabourers #migrants pic.twitter.com/kMtRrxVfR0",Yes
13,1265434765584465920,"#IFHTranslates #NJCovidInfoBangla

ржЖржорж╛ржжрзЗрж░ рж╣рж╛рж╕ржкрж╛рждрж╛рж▓ржЧрзБрж▓рж┐рждрзЗ ржХрж░рзЛржирж╛ #COVID19 ржЖржХрзНрж░рж╛ржирзНржд рж╣ржпрж╝рзЗ ржЪрж┐ржХрж┐рждрзНрж╕рж╛ржзрзАржи рж░рзЛржЧрзАрж░ рж╕ржВржЦрзНржпрж╛ рзи,рзнрзирзйред ржПржЗ рж╕ржВржЦрзНржпрж╛ ржЧржд ржжрзБрж╕ржкрзНрждрж╛рж╣рзЗ ржХржорзЗржЫрзЗ ржкрзНрж░рж╛ржпрж╝ рзз,рзлрзжрзжред
ржлрж┐рж▓рзНржб ржорзЗржбрж┐ржХрж╛рж▓ рж╕рзЗржирзНржЯрж╛рж░ржЧрзБрж▓рж┐рждрзЗ рж░рзЛржЧрзАрж░ рж╕ржВржЦрзНржпрж╛ рзкрзлред  https://twitter.com/GovMurphy/status/1265300024809992193┬атАж",Yes
14,1265433549966098432,"ржПржЗ ржорж╣рж╛ржорж╛рз░рзА COVID-19 рз░ рж╕рж╛ржирзНржирж┐ржзрзНржпржд ржпрж┐ ржХрж┐ржЫрзБ ржкрз░рж┐ржорж╛ржгрзЗ рж╕ржоржпрж╝рз░ рж╕рзБржпрзЛржЧ рж╕рзБржмрж┐ржзрж╛ рж▓рж╛ржн ржХрз░рж┐ржЫрж┐рж▓рзЛ, рждрж╛рз░ ржкрз░рж┐ржкрзНрз░рзЗржХрзНрж╖рж┐рждржд ржжрзБржЯрж┐ржорж╛ржи ржХржмрж┐рждрж╛ рж╕рзГрж╖рзНржЯрж┐ рж╣рж▓ред рждрж╛рз░рзЗ ржорж╛рждрзНрз░ ржиржорзБржирж╛ред  pic.twitter.com/c4ndfSMd81",Yes
15,1265407066396655628,"#IFHTranslates #NJCovidInfoBangla

ржЖрж░ржУ рзнрзжрзй ржЬржи #COVID19 ржкрж░рзАржХрзНрж╖рж╛рж░ ржкрж░ рж╕ржирж╛ржХрзНржд рж╣ржпрж╝рзЗржЫрзЗржи ржПржмржВ рж░рж╛ржЬрзНржпржмрзНржпрж╛ржкрзА рж╕ржВржЦрзНржпрж╛ ржжрж╛ржБржбрж╝рж╛рж▓ рззрзлрзл,рзнрзмрзкред
ржпрзЗрж╣рзЗрждрзБ ржЧржд рж╕ржкрзНрждрж╛рж╣рж╛ржирзНрждрзЗ ржжрзАрж░рзНржШ ржЫрзБржЯрж┐ ржЫрж┐рж▓, рж╕ржВржЦрзНржпрж╛ржЧрзБрж▓рж┐ ржХржорзЗ ржЖрж╕рждрзЗ ржЖрж░ржУ ржХржпрж╝рзЗржХржжрж┐ржи рж╕ржоржпрж╝ рж▓рж╛ржЧржмрзЗред 
рзирззрж╕рзЗ ржорзЗ ржерзЗржХрзЗ, ржжрзИржирж┐ржХ рж╕ржирж╛ржХрзНрждрзЗрж░ рж╣рж╛рж░ рзл рж╢рждрж╛ржВрж╢ред  https://twitter.com/GovMurphy/status/1265299513998278656┬атАж",Yes
16,1265381697266216960,ржЪржЯрзНржЯржЧрзНрж░рж╛ржо ржорж╣рж╛ржиржЧрж░ ржпрзБржмржжрж▓рзЗрж░ рж╕ржнрж╛ржкрждрж┐ ржУ ржХрзЗржирзНржжрзНрж░рзАржпрж╝ ржпрзБржмржжрж▓рзЗрж░ рж╕рж╣ рж╕ржнрж╛ржкрждрж┐ @Mossaraf Hossain Dipti ржнрж╛ржЗржпрж╝рзЗрж░ COVID-19 POSITIVE. рж╕ржмрж╛рж░ ржжрзЛржпрж╝рж╛ ржХрж╛ржоржирж╛ ржХрж░ржЫрж┐редЁЯШержЖрж▓рзНрж▓рж╛рж╣ ржнрж╛ржЗржХрзЗ рж╕рзБрж╕рзНржерждрж╛ ржжрж╛ржи ржХрж░рзБржиред{ржЖржорж┐ржи}  pic.twitter.com/6sLwPkSVJj,Yes
17,1265372077420208129,"ржХрж┐ржЯ рж╕ржВржХржЯрзЗ ржирзЛржмрж┐ржкрзНрж░ржмрж┐рждрзЗ ржХрж░рзЛржирж╛ ржкрж░рзАржХрзНрж╖рж╛ ржмржирзНржз
 https://www.deshebideshe.com/news/details/228020┬атАж
#kit #Covid_19 #coronavirus #kittest",Yes
18,1265369927826894848,"ржХрж░рзЛржирж╛ржпрж╝ рж╢рзБржзрзБ ржпрзБржХрзНрждрж░рж╛рж╖рзНржЯрзНрж░рзЗржЗ ржорзГрждрзНржпрзБ ржПржХ рж▓рж╛ржЦ ржкрж╛рж░
 https://www.deshebideshe.com/news/details/228018┬атАж
#COVID__19 #CoronaUpdates #coronavirus #CoronavirusUSA",Yes
19,1265366062826090496,"ржнржпрж╝ржВржХрж░ ржврж╛ржХрж╛, ржХрж░рзЛржирж╛ржпрж╝ ржЖржХрзНрж░рж╛ржирзНржд рззрзк рж╣рж╛ржЬрж╛рж░рзЗрж░ ржмрзЗрж╢рж┐
 https://www.deshebideshe.com/news/details/228016┬атАж
#COVID__19 #CoronaUpdates #coronavirus",Yes
20,1265361617056944129,рж╕рж░ржХрж╛рж░рж┐ ржУ ржмрзЗрж╕рж░ржХрж╛рж░рж┐ рж╣рж╛рж╕ржкрж╛рждрж╛рж▓рзЗ Covid-19 ржУ Non-Covid рж░рзЛржЧрзАрж░ржжрзЗрж░ ржЪрж┐ржХрж┐рзОрж╕рж╛ ржкрзНрж░ржжрж╛ржи ржкрзНрж░рж╕ржЩрзНржЧрзЗ  pic.twitter.com/6IdoLeY341,No
21,1265360125809659904,"ржХрж░рзЛржирж╛ржорзБржХрзНрждрж┐рждрзЗ рж╣рзЛржорж┐ржУржкрзНржпрж╛ржерж┐рж░ ржмржбрж╝ рж╕рж╛ржлрж▓рзНржп! ржорж╛рж╕рзЗ рзм ржжрж┐ржи ржПржЗ ржУрж╖рзБржз ржЦрзЗрждрзЗ ржмрж▓ржЫрзЗржи ржЪрж┐ржХрж┐рзОрж╕ржХрж░рж╛ред
#Covid_19 #Homeopathy

рж▓рж┐ржЩрзНржХржГ https://bengali.news18.com/news/coronavirus-latest-news/homeopathy-got-huge-sucess-to-protect-covid-19-medicine-to-be-taken-only-6-days-a-month-akd-453916.html┬атАж pic.twitter.com/4GPNFijvh9",No
22,1265359685554593794,ржпрж╛ржУржпрж╝рж╛ ржпрж╛ржмрзЗ ржирж╛ ржХрж╛рж░ржг.... Covid - 19.. ржорж╛рж░рж╛рждрзНржоржХ ржЖржХрж╛рж░ ржзрж╛рж░ржг ржХрж░ржЫрзЗ,No
23,1265358282346172416,"ржмрж╛рж╕рж╛ржпрж╝ ржЕржирзНржп ржПржХ ржХрж╛ржЬрзЗ ржирж┐ржпрж╝рзЛржЬрж┐рждред ржЖржкржирзЗ ржУ ржЖржкржирж╛рж░ ржмрж╛рж╕рж╛ржпрж╝ ржЫрзЛржЯрзНржЯ ржорзБржирж┐ржжрзЗрж░ ржорж╛ржерж╛рж░ ржЪрзБрж▓ржЧрзБрж▓рзЛ ржПржнрж╛ржмрзЗ ржХрзЗржЯрзЗ ржжрж┐рждрзЗ ржкрж╛рж░рзЗржиред ржмрж╛рж╕рж╛ржпрж╝ ржерж╛ржХрзБржи ржирж┐рж░рж╛ржкржжрзЗ ржерж╛ржХрзБржи рж╕рзНржмрж╛рж╕рзНржерзНржп ржмрж┐ржзрж┐ ржорзЗржирзЗ ржЪрж▓рзБржиред
#CoronaVirus  pic.twitter.com/iD7bzrfd5K",No
24,1265357138555293696,ржИржжрзЗрж░ ржжрзНржмрж┐рждрзАржпрж╝ ржжрж┐ржирзЗ ржкрж╛рж░рж┐ржмрж╛рж░рж┐ржХ ржмрзНржпрж╕рзНрждрждрж╛ ржПржмржВ Covid-19 ржПрж░ ржЭрзБржБржХрж┐ ржирж┐ржпрж╝рзЗржУ ржЖржорж╛рж░ ржбрж╛ржХрзЗ рж╕рж╛ржбрж╝рж╛ ржжрж┐ржпрж╝рзЗ ржЫрж┐ржирзНржиржорзВрж▓ ржУ ржкржерж╢рж┐рж╢рзБржжрзЗрж░ рж╕рж╛ржерзЗ ржИржжрзЗрж░ ржЦрзБрж╢рж┐ ржнрж╛ржЧрж╛ржнрж╛ржЧрж┐ ржХрж░рзЗ ржирзЗржпрж╝рж╛рж░ ржЬржирзНржп ржзржирзНржпржмрж╛ржж ржЬрж╛ржирж╛ржЗ ржЖржорж╛рж░ ржнрж╛ржЗ akbarhaidar fahad_mahfuz_chy ifti....тАж  https://www.instagram.com/p/CAqXqk0nR9n/?igshid=411j9kr7z14m┬атАж,Yes
25,1265356579861196800,"ржЪржЯрзНржЯржЧрзНрж░рж╛ржорзЗ ржкрзНрж░ржержоржмрж╛рж░рзЗрж░ ржорждрзЛ ржХрж░рзЛржирж╛ рж░рзЛржЧрзАрж░ рж╢рж░рзАрж░рзЗ ржкрзНрж▓рж╛ржЬржорж╛ ржерзЗрж░рж╛ржкрж┐
 https://www.deshebideshe.com/news/details/228012┬атАж
#COVID__19 #CoronaUpdates #coronavirus",No
26,1265355962031812608,"ржкрзНрж░ржержо ржкрж╛рждрж╛ржпрж╝ рж╢рзБржзрзБ ржорзГрждржжрзЗрж░ ржирж╛ржо, ржХрж░рзЛржирж╛ рж░рзБржЦрждрзЗ ржЖржорзЗрж░рж┐ржХрж╛рж░ ржмрзНржпрж░рзНржерждрж╛рж░ ржжрж▓рж┐рж▓ тАШржирж┐ржЙ ржЗржпрж╝рж░рзНржХ ржЯрж╛ржЗржорж╕тАЩред
#America #NewYorkTimes #Covid_19 

рж▓рж┐ржЩрзНржХржГ https://www.sangbadpratidin.in/world/new-york-times-marks-grim-us-corona-milestone-with-front-page-victim-list/┬атАж pic.twitter.com/IZFi4ngYYJ",Yes
27,1265355189864722433,"ржмржбрж╝ рж╕рж╛ржлрж▓рзНржп, ржПржХрж╕ржЩрзНржЧрзЗ рзмрзж ржЬржи ржХрж░рзЛржирж╛ рж░рзЛржЧрзАржХрзЗ рж╕рзБрж╕рзНрже ржХрж░рзЗ ржмрж╛ржбрж╝рж┐ ржлрзЗрж░рж╛ржЪрзНржЫрзЗ ржХрж▓ржХрж╛рждрж╛ ржорзЗржбрж┐ржХрзНржпрж╛рж▓ред
#KolkataMedical #Corona 

рж▓рж┐ржЩрзНржХржГ https://www.sangbadpratidin.in/kolkata/big-success-sixty-corona-patient-at-kolkata-medical-college-released/┬атАж pic.twitter.com/mGBzWcHYwr",Yes
28,1265354766386786304,"ржХрж░рзЛржирж╛ ржЖржмрж╣рзЗ ржирждрзБржи ржЧржпрж╝ржирж╛ рж░рзБржкрзЛрж░ ржорж╛рж╕рзНржХ, ржмрж┐ржпрж╝рзЗрж░ ржмрж╛ржЬрж╛рж░рзЗ ржЪрж╛рж╣рж┐ржжрж╛ рждрзБржЩрзНржЧрзЗред
#Covid_19 #SilverMask 

рж▓рж┐ржЩрзНржХржГ https://www.sangbadpratidin.in/lifestyle/fashion/the-silver-mask-is-the-new-fashion-statement-in-the-time-of-corona/┬атАж pic.twitter.com/7fWajxslAI",No
29,1265353602622582784,"ржмрж┐ржЬрзНржЮрж╛ржирзАржжрзЗрж░ ржжрж╛ржмрж┐, ржХрж░рзЛржирж╛ржнрж╛ржЗрж░рж╛рж╕ рж░рзБржЦрждрзЗ ржкрж╛рж░рзЗ #ржЧрж╛ржБржЬрж╛! #CoronaVirus

рж▓рж┐ржЩрзНржХржГ https://eisamay.indiatimes.com/lifestyle/health-fitness/a-team-of-canadian-scientists-believe-cannabis-could-help-prevent-and-treat-coronavirus/articleshow/75976864.cms┬атАж pic.twitter.com/sOV2Lvdxg1",No
30,1265348652660391937,"ржлрзЗрж░ ржиржЬрж┐рж░ ржХрзЗрж░рж▓рзЗрж░, ржХрж░рзЛржирж╛ржпрж╝ ржЫрзЗржпрж╝рзЗ ржпрж╛ржУржпрж╝рж╛ ржорж╣рж╛рж░рж╛рж╖рзНржЯрзНрж░рзЗ ржбрж╛ржХрзНрждрж╛рж░-ржирж╛рж░рзНрж╕ ржкрж╛ржарж╛ржЪрзНржЫрзЗ тАШржИрж╢рзНржмрж░рзЗрж░ ржЖржкржи ржжрзЗрж╢тАЩред
#KeralaGovt #Maharashtra #Covid_19

рж▓рж┐ржЩрзНржХржГ https://www.thewall.in/news-maharashtra-gives-nod-to-keralas-offer-of-50-doctors-100-nurses-to-fight-covid-19-as-cases-cross-50k/┬атАж pic.twitter.com/el8NdKsQsu",Yes
31,1265348325194301447,"тЩж#COVID19 рзирзм/рзжрзл/рзирзж ржЖржЬ ржоржЩрзНржЧрж▓ржмрж╛рж░ ржЖржХрзНрж░рж╛ржирзНржд#рзйрзпрзнржЬржи#, рж╕рзВрж╕рзНрж╣рзНржп#рзи,рзмрзнрзнржЬржи# ржПржмржВ ржорзГрждрзНржпрзБрзН#рзнрзоржЬржи#ред ржЗрждрж╛рж▓рж┐рждрзЗ ржП ржкрж░рзНржпржирзНржд ржорзЛржЯ  ржЖржХрзНрж░рж╛ржирзНржд рж░рзЛржЧрзАржжрзЗрж░ рж╕ржВржЦрзНржпрж╛ #рзирзйрзж,рзлрзлрзл#ред ржПрж░ ржоржзрзНржпрзЗ ржорзГрждрзНржпрзБрзйрзи,рзпрзлрзлржЬржи# ржПржмржВ рж╕рзБрж╕рзНржерзНржп#рззрзкрзк,рзмрзлрзоржЬржи#!
ржЖрж▓рзНрж▓рж╛рждрж╛ржпрж╝рж╛рж▓рж╛ ржЖржорж╛ржжрзЗрж░ рж╕ржмрж╛ржЗржХрзЗ рж╣рзЗржлрж╛ржЬржд ржХрж░рзБржи,ржЖржорж┐ржиред
News...
Tuhin Mahamud  pic.twitter.com/tCCdPA69xg",Yes
32,1265346001436577792,"ржХрж░рзЛржирж╛ржнрж╛ржЗрж░рж╛рж╕рзЗрж░ рж╕рж░рзНржмрж╢рзЗрж╖ ржкрж░рж┐рж╕рзНржерж┐рждрж┐ ржирж┐ржпрж╝рзЗ ржЖржЬржХрзЗрж░ рзирзм ржорзЗ, рзирзжрзирзж ржмрзНрж░рж┐ржлрж┐ржВред Corona ...  https://youtu.be/pI4DQZ9_Tbc┬а via @YouTube
#COVID
#COVID19
#COVID2019
#COVID__19
#CoronaUpdate
#CoronavirusOutbreak
#CoronaVirusUpdates
#coronavirus
#ржХрж░рзЛржирж╛ржнрж╛ржЗрж░рж╛рж╕
#ржХрж░рзЛржирж╛ржнрж╛ржЗрж░рж╛рж╕рзЗрж░
#bdcovid19update",Yes
33,1265342799144267778,рж╕рз░рзБржХрзНрж╖рзЗрждрзНрз░рзА рж╕ржорж╖рзНржЯрж┐рз░  ржмрж┐ржзрж╛ржпрж╝ржХ ржЬрж╛ржХрж┐рз░ рж╣рзБржЫрзЗржЗржи рж╕рж┐ржХржжрж╛рз░ ржбрж╛ржЩрз░рзАржпрж╝рж╛ржЗ ржПржЗ Covid-19 рз░ ржжрзБрз░рзНржпрзЛржЧрз░ рж╕ржоржпрж╝ржд ржирж┐ржЬрз░ ржЬрзАрз▒ржиржХ рждрзБржЪрзНржЫ ржЬрзНржЮрж╛ржи ржХрз░рж┐ ржорж╛ржЬржирж┐рж╢рж╛ ржкрз░рзНржпрзНржпржирзНржд Quarantine Centre ржд рз░рж╛ржЗржЬрз░ рж╕рзЗрз▒рж╛ржд ржмрзНрз░рждрзА рж╣рзИржЫрзЗред Great work #MLA #JAKIR #HUSSAIN #SIKDAR ...Thanks pic.twitter.com/XQ9ODUA0AW,Yes
34,1265341856998518785,"ржХрж░рзЛржирж╛ржпрж╝ ржЖржХрзНрж░рж╛ржирзНржд ржЪрж╕рж┐ржХ ржХрж╛ржЙржирзНрж╕рж┐рж▓рж░рзЗрж░ ржорзГрждрзНржпрзБ
 https://www.deshebideshe.com/news/details/228005┬атАж
#Bangladesh #COVID__19",Yes
35,1265340315910549505,"ржХржХрзНрж╕ржмрж╛ржЬрж╛рж░рзЗ ржЖрж░ржУ рзйрзм ржЬржи ржХрж░рзЛржирж╛ржпрж╝ ржЖржХрзНрж░рж╛ржирзНржд
 https://www.deshebideshe.com/news/details/228003┬атАж
#Bangladesh #COVID__19",Yes
36,1265338954892492800,"рж╕рж┐рж▓рзЗржЯрзЗ ржХрж░рзЛржирж╛ ржЖржХрзНрж░рж╛ржирзНржд ржпрзБржмржХрзЗрж░ ржорзГрждрзНржпрзБ
 https://www.deshebideshe.com/news/details/228002┬атАж
#sylhet #coronavirus #Covid_19 #COVIDуГ╝19",Yes
37,1265338809480351744,"ржЧржд рзирзк ржШржгрзНржЯрж╛ржпрж╝ INDIA-ржП ржирждрзБржи CORONAVIRUS ржЖржХрзНрж░рж╛ржирзНржд рзм,рзлрзйрзл ржЬржи | ржорзЛржЯ ржЖржХрзНрж░рж╛ржирзНрждрзЗрж░ рж╕ржВржЦрзНржпрж╛ ржжрж╛ржБржбрж╝рж╛рж▓ рзз,рзкрзл,рзйрзорзж
 https://ift.tt/2X10uL4┬а pic.twitter.com/6TCguclwQo",Yes
38,1265338623555039232,"ржХрж░рзЛржирж╛ рж▓ржХржбрж╛ржЙржи ржХрж╛ржЯрж┐ржпрж╝рзЗ ржорж╛ржарзЗ ржлрж┐рж░рж▓рзЗржи ржХрзНрж░рж┐ржХрзЗржЯрж╛рж░, ржжрзЗржЦрзБржи ржнрж┐ржбрж┐ржУ
#Sports #Cricket #Coronavirus
 https://bengali.mykhel.com/cricket/james-anderson-returns-to-training-at-old-trafford-after-coronvirus-lockdown-014007.html┬атАж",No
39,1265337771180335110,"Coronavirus: ржмрж┐рж╢рзНржмржЬрзБржбрж╝рзЗ рж╕ржВржХрзНрж░ржорж┐ржд рзлрзм,рзкрзж,рзорзлрзн, ржЖржорзЗрж░рж┐ржХрж╛ржпрж╝ ржорзГрждрзНржпрзБрж╕ржВржЦрзНржпрж╛ рзз рж▓рж╛ржЦ ржЫрж╛ржбрж╝рж╛рж▓рзЛ  https://www.peoplesreporter.in/news/international-news/6720-coronavirus-worldwide-infected-56-40-857-america-crosses-1-lakh-death.html#.Xs1VOqQakGs.twitter┬атАж",Yes
40,1265336951722307589,"ржирзАрж▓ржлрж╛ржорж╛рж░рзАрждрзЗ ржПржХ ржмрзГржжрзНржзрж╛рж╕рж╣ ржЖрж░ржУ рзк ржЬржи ржХрж░рзЛржирж╛ ржЖржХрзНрж░рж╛ржирзНржд
 https://www.deshebideshe.com/news/details/227999┬атАж
#coronavirus #Covid_19 #COVIDуГ╝19",Yes
41,1265335751249723393,рз░рж╛ржЬрзНржпржд рзмрзмрзй ржЬржирж▓рзИ ржмрзГржжрзНржзрж┐ ржкрж╛рж▓рзЗ ржЖржХрзНрз░рж╛ржирзНрждрз░ рж╕рзНржВржЦрзНржпрж╛#lockdown #COVID__19 #,Yes
42,1265335044509331456,"рзйрзжржиржВ ржкрзВрж░рзНржм ржорж╛ржжрж╛рж░ржмрж╛ржбрж╝рзА ржУржпрж╝рж╛рж░рзНржб ржХрж╛ржЙржирзНрж╕рж┐рж▓рж░, рж╕ржжрж░ржШрж╛ржЯ ржерж╛ржирж╛ ржЖржУржпрж╝рж╛ржорзАрж▓рзАржЧ ржПрж░ рж╕рж╛ржзрж╛рж░ржг рж╕ржорзНржкрж╛ржХ ржУ ржЪржЯрзНржЯржЧрзНрж░рж╛ржо ржЪрзЗржорзНржмрж╛рж░рзЗрж░ рж╕рж╛ржмрзЗржХ ржкрж░рж┐ржЪрж╛рж▓ржХ ржЖрж▓рж╣рж╛ржЬрзНржм ржорж╛ржЬрж╣рж╛рж░рзБрж▓ ржЗрж╕рж▓рж╛ржо ржЪрзМржзрзБрж░рзА ржХрж░рзЛржирж╛ ржнрж╛ржЗрж░рж╛рж╕(CoVid-19) ржЖржХрзНрж░рж╛ржирзНржд рж╣ржпрж╝рзЗ ржврж╛ржХрж╛ржпрж╝ ржЪрж┐ржХрж┐рзОрж╕рж╛ржзрзАржи ржЕржмрж╕рзНржерж╛ржпрж╝ ржЗржирзНрждрзЗржХрж╛рж▓ ржХрж░рзЗржЫрзЗржиред 
ржЗржирзНржирж╛рж▓рж┐рж▓рзНрж▓рж╛рж╣рж┐ ржУржпрж╝рж╛ ржЗржирзНржирж╛ ржЗрж▓рж╛ржЗрж╣рж┐ рж░рж╛ржЬрж┐ржЙржиред  pic.twitter.com/Yjl4ez7MBL",Yes
43,1265334541054382080,"рж▓рж╛рж▓ржоржирж┐рж░рж╣рж╛ржЯрзЗ ржкрзБрж▓рж┐рж╢рж╕рж╣ рзй ржЬржи ржХрж░рзЛржирж╛ ржЖржХрзНрж░рж╛ржирзНржд
 https://www.deshebideshe.com/news/details/227998┬атАж
#coronavirus #Covid_19 #COVIDуГ╝19",Yes
44,1265334523790635010,"рзирзк ржШржгрзНржЯрж╛ржпрж╝ ржХрзЗрж░рж╛ржирзАржЧржЮрзНржЬрзЗ ржЖрж░рзЛ рззрзи ржЬржирзЗрж░ ржХрж░рзЛржирж╛ рж╢ржирж╛ржХрзНржд
 https://www.deshebideshe.com/news/details/227997┬атАж
#Bangladesh #COVID__19",Yes
45,1265333368830361600,"ржнрж╛ржЗрж░рж╛рж╕ ржерж╛ржХрж▓рзЗржУ рж╕ржорзНржкрж░рзНржХ ржпрзЗржи ржирж╖рзНржЯ ржирж╛ рж╣ржпрж╝...
#COVID_19UpdateWestBengal #CoronavirusOutbreakindia #CautionYesPanicNo #EiSamay https://eisamay.indiatimes.com/west-bengal-news/24pargana-news/barrackpore-elderly-man-win-from-corona-neighbours-welcomed-him/articleshow/76013027.cms┬атАж",No
46,1265329656183439361,"ржмржЧрзБржбрж╝рж╛ржпрж╝ ржирждрзБржи ржХрж░рзЗ рззрзз ржЬржирзЗрж░ ржХрж░рзЛржирж╛ рж╢ржирж╛ржХрзНржд
 https://www.deshebideshe.com/news/details/227994┬атАж
#Bangladesh #Covid_19",Yes
47,1265329527892443138,ржХрж░рзЛржирж╛ ржЖрждржЩрзНржХрзЗ ржжрзБрж░рзНржЧрж╛ржкрзБрж░рзЗрж░ ржкрж┐ржПржл ржЕржлрж┐рж╕рзЗрж░ ржХрж░рзНржорзАрж░рж╛ ржХрж╛ржЬ ржмржирзНржз ржХрж░рзЗ ржмрж╛ржЗрж░рзЗ  https://bardhaman.com/corona-scare-staffs-of-durgapur-pf-office-go-outside-the-office/┬атАж Via @BardhamanDotCom: Presenting #Bardhaman's news since 2003 | #CoronaVirus #Corona #CoronaScare @CpADpc #DurgapurPFoffice #Durgapur #PaschimBardhaman,Yes
48,1265329027314675712,"@IamSumanDe ржкрж░рж┐ржЬржпрж╝рзА рж╢рзНрж░рзЛржорж┐ржХрж░рж╛ ржмрж╛ржбрж╝рж┐ ржлрж┐рж░ржЫрзЗржи, ржЦрзБржм ржнрж╛рж▓рзЛ, ржХрж┐ржирзНрждрзБ origin station ржП рзл-рзм ржжрж┐ржи ржЖржЧрзЗ ржХрзЗржи Covid ржЯрзЗрж╕рзНржЯ ржХрж░рзЗ ржЯрзНрж░рзЗржирзЗ ржУржарж╛ржирзЛ рж╣ржЪрзНржЫрзЗржирж╛...",Yes
49,1265326883022843904,"ржбрж╛. ржЬрж╛ржлрж░рзБрж▓рзНрж▓рж╛рж╣ржХрзЗ ржкрзНрж▓рж╛ржЬржорж╛ ржерзЗрж░рж╛ржкрж┐
 https://www.deshebideshe.com/news/details/227991┬атАж
#Bangladesh #Covid_19",Yes
50,1265326363310993409,"COVID-19 ржХрж░рзЛржирж╛ ржкрзНрж░ржХрзГрждрж┐рж░ ржЬржирзНржп ржЕржнрж┐рж╢рж╛ржк ржирж╛ ржЖрж░рзНрж╢рзАржмрж╛ржжред
 https://rannarrokomari.blogspot.com/2020/05/covid-19-corona-viras.html┬атАж pic.twitter.com/WlWR2Q2KBe",No
51,1265322776790876160,"рж╕рж╛рждржХрзНрж╖рзАрж░рж╛ржпрж╝ ржЖржорзНржлрж╛ржирзЗ ржмрзЗржбрж╝рзЗржЫрзЗ ржХрж░рзЛржирж╛рж░ ржнржпрж╝
 https://www.deshebideshe.com/news/details/227989┬атАж
#Bangladesh #Covid_19",Yes
52,1265322253358469120,ржПржЗ ржкрж╛ржЧрж▓рж╛ ржбрж╛ржХрзНрждрж╛рж░рзЗрж░ ржФрж╖ржз ржЦрзЗржпрж╝рзЗ ржЕржирзЗржХ ржХрж░рзЛржирж╛ржнрж╛ржЗрж░рж╛рж╕ ржЖржХрж╛ржирзНржд  ржирж┐рж░рзАрж╣ ржорж╛ржирзБрж╖ ржорж╛рж░рж╛ ржЧрзЗржЫрзЗ ред#Covid19  pic.twitter.com/tSiguHUs0A,No
53,1265320763562668032,"ржХрж░рзЛржирж╛ рж╢ржирж╛ржХрзНржд ржПржХржЬржи, ржЗржЙржирзЛ ржУрж╕рж┐рж╕рж╣ рззрзлрзж ржЬржи ржХрзЛржпрж╝рж╛рж░рзЗржирзНржЯрж┐ржирзЗ
 https://www.deshebideshe.com/news/details/227988┬атАж
#coronavirus #Covid_19 #COVIDуГ╝19 #Police",Yes
54,1265319731612971008,"ржкрзНрж░рждрж┐ржжрж┐ржи ржирждрзБржи ржХрж░рзЗ ржХрж░рзЛржирж╛ рж╕ржВржХрзНрж░ржоржгрзЗрж░ ржирж┐рж░рж┐ржЦрзЗ ржЪрж╛рж░ ржиржорзНржмрж░рзЗ ржнрж╛рж░ржд
 https://www.deshebideshe.com/news/details/227987┬атАж
#coronavirus #Covid_19 #COVIDуГ╝19",Yes
55,1265315733950681092,"рж▓рзНржпрж╛ржмрзЗрж░ ржнрж╛ржЗрж░рж╛рж╕ржЧрзБрж▓рж┐рж░ рж╕ржЩрзНржЧрзЗ ржХрзЛржнрж┐ржб-рззрзп-ржПрж░ ржХрзЛржиржУ ржорж┐рж▓ ржирзЗржЗ ржмрж▓рзЗ ржжрж╛ржмрж┐ ржЪрж┐ржирзЗрж░ред
#Coronavirus #China #SangbadPratidin https://www.sangbadpratidin.in/world/wuhan-lab-had-3-live-bat-coronaviruses-said-china/┬атАж",Yes
56,1265314014063550464,"#ржкрж╢рзНржЪрж┐ржоржмржЩрзНржЧ ржП ржмрж┐ржкрзБрж▓ ржкрж░рж┐ржорж╛ржг ржП рж╣рзНржпрж╛ржирзНржб рж╕рзНржпрж╛ржирж┐ржЯрж╛ржЗржЬрж╛рж░,ржорж╛рж╕рзНржХ,ржкрж┐ржкрж┐ ржХрж┐ржЯ рждрзИрж░рж┐ рж╣ржЪрзНржЫрзЗ ржпрж╛ ржПржЗ #Corona ржкрж░рж┐рж╕рзНржерж┐рждрж┐ рждрзЗ ржорзЛржХрж╛ржмрзЗрж▓рж╛рж░ ржЬржирзНржп ржПржХрж╛ржирзНржд ржкрзНрж░ржпрж╝рзЛржЬржирзАржпрж╝ ржжрзНрж░ржмрзНржпред
ржЗрждрж┐ ржоржзрзНржпрзЗржЗ 1.8 lakh рж▓рж┐ржЯрж╛рж░ рж╣рзНржпрж╛ржирзНржб рж╕рзНржпрж╛ржирж┐ржЯрж╛ржЗржЬрж╛рж░ рждрзИрж░рж┐ рж╣ржпрж╝рзЗржЫрзЗред
 https://timesofindia.indiatimes.com/city/kolkata/bengal-scores-big-in-making-sanitizer-masks/articleshow/75281689.cms┬атАж pic.twitter.com/MHNKhL72lt",Yes
57,1265313739940737025,"ржЖрж░ ржХржд ржмрж▓ржм, ржХржд ржШржЯржирж╛, ржХржд ржЕрждрзНржпрж╛ржЪрж╛рж░!! рждрж╛ржУ ржЖржорж░рж╛ рж╕рж╛ржорзНржкрзНрж░ржжрж╛ржпрж╝рж┐ржХ, ржЖрж░ ржЖржкржирж╛рж░рж╛ secular!!!.. ржорж╛ржл ржХрж░ржмрзЗржи ржЖржкржирж╛ржжрзЗрж░ secularism ржзрж┐ржХрзНржХрж╛рж░ ржЬрж╛ржирж╛ржЗ! ржХрж╛рж░ржг рж╕рзЗржЯрж╛ communalism ржПрж░ ржЪрзЗржУ communal! ржЖрж░ covid 19 ржерзЗржХрзЗржУ ржнржпрж╝ржЩрзНржХрж░!",No
58,1265313733057736704,"ржЬрж╛ржирзБржи ржХрзЛржи ржХрзЛржи ржЖржЗржи ржнрж╛ржЩрж╛рж░ ржЕржнрж┐ржпрзЛржЧ
#DelhiPolice #COVID__19 #TablighiJamaat #TablighiJamaat https://www.thewall.in/foreigners-from-tablighi-jamaat-can-be-jailed-in-india-for-5-years-delhi-police-to-high-court/┬атАж",Yes
59,1265312737267048448,"рж╕ржм ржорж┐рж▓рж┐ржпрж╝рзЗ рж░рж╛ржЬрзНржпрзЗрж░ ржХрж░рзЛржирж╛ рж╕ржВржХрзНрж░ржоржгрзЗрж░ ржЧрждрж┐ ржКрж░рзНржзрзНржмржорзБржЦрзА рж╣рж▓рзЗржУ, ржПржЦржиржЗ ржЖрж╢рж╛рж╣ржд рж╣ржЪрзНржЫрзЗ ржирж╛ рж╕рзНржмрж╛рж╕рзНржерзНржп ржнржмржиред ржХрзЗржи? ржкржбрж╝рзБржи ржмрж┐рж╕рзНрждрж╛рж░рж┐рждред
#COVID__19 #COVID19India
#BengalFightsCorona @wbdhfw https://www.thewall.in/?p=224127┬а",Yes
60,1265312493569601536,"ржШрзЛрж▓рж╛ ржЬрж▓рзЗ рж╕рзБржпрзЛржЧ ржирж┐рждрзЗ ржЫрж╛ржбрж╝ржЫрзЗ ржирж╛ ржЧрзЗрж░рзБржпрж╝рж╛ рж╢рж┐ржмрж┐рж░
@RahulGandhi @OfficeofUT #COVID__19 #Maharashtra @BJP4India @INCIndia https://www.thewall.in/news-national-turmoil-loomed-in-maharastra-government-after-the-comments-of-rahul-gandhi/┬атАж",No
61,1265310817198759940,"Coronavirus: рж░рж╛ржЬрзНржпрзЗ ржЖржХрзНрж░рж╛ржирзНржд ржЫрж╛ржбрж╝рж╛рж▓рзЛ рзк рж╣рж╛ржЬрж╛рж░, рж╢рзЗрж╖ рзирзк ржШржгрзНржЯрж╛ржпрж╝ ржирждрзБржи рж╕ржВржХрзНрж░ржоржг рззрзпрзй ржЬржирзЗрж░  https://www.peoplesreporter.in/news/west-bengal-news/6717-coronavirus-total-infected-crosses-in-wb-4000-marks-in-last-24-hrs-193.html#.Xs08IiM6cNU.twitter┬атАж",Yes
62,1265309533624168450,"рж╢рж╛рж╣рж░рж┐ржпрж╝рж╛рж░рзЗрж░ ржлрзЗрж░ ржХрж░рзЛржирж╛ ржкржЬрж┐ржЯрж┐ржн, ржлрзБрж╕ржлрзБрж╕рзЗ рж╕ржВржХрзНрж░ржоржг
 https://www.deshebideshe.com/news/details/227982┬атАж
#Bangladesh #Covid_19",Yes
63,1265309091343167488,"ржХрж░рзЛржирж╛ рж╕ржВржХрзНрж░ржоржгрзЗ ржЙржжрзНржмрзЗржЧ ржмрж╛ржбрж╝ржЫрзЗ ржЬрзЗрж▓рж╛ржпрж╝, рж╕ржВржХрзНрж░рж╛ржорж┐ржд рзорзж рж╢рждрж╛ржВрж╢ ржкрж░рж┐ржпрж╛ржпрж╝рзА рж╢рзНрж░ржорж┐ржХ
#Coronavirus #WestBengal https://bengali.oneindia.com/news/west-bengal/coronavirus-infection-raised-in-bengal-districts-more-are-in-districts-083474.html┬атАж",Yes
64,1265308910992400387,"#ekhonkhobor #COVID__19 #COVID19India #COVID2019india #Covid_19india #CoronaWarriors #CoronaUpdatesInIndia #CoronavirusCrisis #Corona #CoronavirusOutbreak 
ржЧржд рзирзк ржШржирзНржЯрж╛ржпрж╝ рж░рж╛ржЬрзНржпрзЗ ржХрж░рзЛржирж╛ржпрж╝ ржЖржХрзНрж░рж╛ржирзНржд ржЖрж░ржУ рззрзпрзй, ржорзГржд рзл, рж╕рзБрж╕рзНрже рзнрзи ржЬржи тАУ ржиржмрж╛ржирзНржирзЗ ржЬрж╛ржирж╛рж▓рзЗржи рж╕рзНржмрж░рж╛рж╖рзНржЯрзНрж░рж╕ржЪрж┐ржм http://ekhonkhobor.com/2020/05/26/24-ghontai-coronai-akranto-aro-193-mrito-5-sustho-72-janalen-sorastrosochib/┬атАж",Yes
65,1265305717449293828,Corona ржжрзЗржЦрж┐ ржПржЦржи ржЧрж╛ржЫрзЗ,No
66,1265300967446073344,"@IamSumanDe ржорж╛ржирзБрж╖ corona рждрзЗ ржиржпрж╝ ржЦрж┐ржжрзЗ рждрзЗ ржорж░ржмрзЗ. 
#SangeSuman",No
67,1265297478904983554,"ржХрж╛рж░ржг ржорж╣рж╛рж░рж╛рж╖рзНржЯрзНрж░рзЗ ржЖржЬ рж╕ржмржерзЗржХрзЗ ржмрзЗрж╢рж┐ covid-19,ржПржХржЯрзБ ржнрзЗржмрзЗ ржЪрж┐ржирзНрждрзЗ рждрзЛ ржХрж╛ржЬ ржХрж░ржЫрзЗ ржирж╛ ржХрзЗржирзНржжрзНрж░рзАржпрж╝ рж╕рж░ржХрж╛рж░, рждрж╛рж░рж╛ рждрзЛ ржЯрзНрж░рзЗржи ржПрж░ ржмрзНржпржмрж╕рзНржерж╛ ржХрж░рзЗржЗ ржЦрж╛рж▓рж╛рж╕,ржХрж╛ржЬрзЗржЗ рж░рж╛ржЬрзНржп рж╕рж░ржХрж╛рж░ржХрзЗржЗ рждрзЛ ржнрзЗржмрзЗржЪрж┐ржирзНрждрзЗ ржХрж╛ржЬ ржХрж░рждрзЗ рж╣ржмрзЗред
ржПржЯрж╛ржУ ржПржжрзЗрж░ ржмрзБржЭрж┐ржпрж╝рзЗ ржмрж▓рзЗ ржжрж┐рждрзЗ рж╣ржмрзЗ ?",No
68,1265297111635177473,"ржЖржЪрж░ржг ржХрж┐ рждрзГржгржорзВрж▓рзЗрж░ ржкрждржирзЗрж░ ржХрж╛рж░ржг ржиржпрж╝? ржХрзИрж▓рж╛рж╕ ржмрж┐ржЬржпрж╝ржмрж░рзНржЧрзАржпрж╝ржХрзЗ ржЖржХрзНрж░ржоржг ржХрж░рждрзЗ ржЧрж┐ржпрж╝рзЗ ржмрж╛рж░ ржмрж╛рж░ рж╢рзНрж░рзА рж╣рж░рж┐ рж╕ржорзНржкрж░рзНржХрзЗ ржХржЯрзВ ржХржерж╛ ржкрзНрж░ржпрж╝рзЛржЧ ржХрж░рзЗ ржирж┐ржЬрзЗржжрзЗрж░ ржХржмрж░ ржирж┐ржЬрзЗрж░рж╛ржЗ ржЦрзБржБржбрж╝ржЫрзЗржи ржирж╛ ржХрж┐? Covid19 ржЖржкржирж╛ржжрзЗрж░ ржПржХржЯрж╛ рж╕рзБржпрзЛржЧ ржжрж┐ржпрж╝рзЗржЫрзЗ ржЖрждрзНржорж╕ржорзАржХрзНрж╖рж╛рж░, ржЪрзИрждржирзНржпржжрзНржпржпрж╝рзЗрж░! ржмрж┐ржЬрзЗржкрж┐ ржХрзНрж╖ржорждрж╛ржпрж╝ ржПрж╕рзЗ ржЧрзЗрж▓рзЗ ржХрж┐ржирзНрждрзБ рж░ржмрзАржирзНржжрзНрж░рж╕ржЩрзНржЧрзАржд ржмрж╛ржЬржмрзЗ ржирж╛!",No
69,1265293485575270400,"ржХрж░рзЛржирж╛ ржнрж╛ржЗрж░рж╛рж╕: ржЙрж╣рж╛ржирзЗ рзп ржжрж┐ржирзЗ рзмрзл рж▓рж╛ржЦ ржиржорзБржирж╛ ржкрж░рзАржХрзНрж╖рж╛┬а | ржХрж░рзЛржирж╛ ржЖржкржбрзЗржЯ:
#ржЗрждрзНрждрзЗржлрж╛ржХ #ittefaq #ржХрж░рзЛржирж╛ #covid19 #coronavirus",Yes
70,1265293024369586177,"ржХрж░рзЛржирж╛ ржЪрж┐ржХрж┐рзОрж╕рж╛ржпрж╝ ржпрзБржХрзНржд рж╣ржЪрзНржЫрзЗ рж╕рж░ржХрж╛рж░рж┐-ржмрзЗрж╕рж░ржХрж╛рж░рж┐ рж╕ржм рж╣рж╛рж╕ржкрж╛рждрж╛рж▓
 https://www.deshebideshe.com/news/details/227976┬атАж
#Bangladesh #Covid_19",Yes
71,1265292554813280256,"ржмрж┐ржкрж░рзНржпрж╕рзНржд рж╕рзНржмрж╛рж╕рзНржерзНржп ржкрж░рж┐рж╖рзЗржмрж╛ред рж▓ржХржбрж╛ржЙржирзЗрж░ ржЬрзЗрж░рзЗ ржЦрж╛ржжрзНржп рж╕ржЩрзНржХржЯржУ рждрзАржмрзНрж░ред ржмрж╛ржбрж╝ржЫрзЗ ржмрж┐ржХрзНрж╖рзЛржнред  ржнржпрж╝рж╛ржмрж╣ ржЕржмрж╕рзНржерж╛ ржЪрж┐рж▓рж┐рждрзЗред
#COVID__19 #COVID19Pandemic #chile #CoronaPandemic https://www.thewall.in/?p=224102┬а",Yes
72,1265291561996337153,"тАЬржЖржорж░рж╛ рж╕ржмрж╛ржЗ ржнржпрж╝рзЗ ржЖржЫрж┐ред ржХрж┐ржирзНрждрзБ рж╕ржВрж╣рждрж┐рж░ ржирзАрждрж┐ ржорзЗржирзЗржЗ ржПржЯрж╛ ржЖржорж╛ржжрзЗрж░ ржХрж░рждрзЗржЗ рж╣ржмрзЗред ржЖржорж░рж╛ рж╕рзБржкрж╛рж░рж╣рж┐рж░рзЛ ржиржЗ, ржЖржорж░рж╛ ржмрж┐ржкрзНрж▓ржмрзАред ржЖржорж░рж╛ ржЪрж┐ржХрж┐рзОрж╕ржХредтАЭ
#COVID__19 #COVID19Pandemic #CovidWarriors #Cuba https://www.thewall.in/?p=224083┬а",No
73,1265290704718266368,"ржмрж░рзНрждржорж╛ржи ржХрж░рзЛржирж╛ ржнрж╛ржЗрж░рж╛рж╕ 'рж╣рж┐ржорж╢рзИрж▓рзЗрж░ ржЪрзВржбрж╝рж╛' ржорж╛рждрзНрж░, ржЪрж┐ржирж╛ ржнрж╛ржЗрж░рзЛрж▓ржЬрж┐рж╕рзНржЯрзЗрж░ ржмржХрзНрждржмрзНржпрзЗ ржирждрзБржи ржЖрж╢ржЩрзНржХрж╛

#ChinaVirus #CoronaPandemic #Corona
 https://bit.ly/3d5Mllc┬а",Yes
74,1265290117255700480,"#Covid_19
#ржкрж╛ржБрж╢ржХрзБржбрж╝рж╛_рж░рзЗржб_ржнрж▓рзЗржиржЯрж┐рж░рзНржпрж╝рж╛рж╕рзЗрж░ ржЙржжрзНржпрзЛржЧрзЗ #ржХрж░рзЛржирж╛_ржЖржоржлрж╛ржирзЗ ржХрзНрж╖рждрж┐ржЧрзНрж░рж╕рзНржд рзмрж╢рждрж╛ржзрж┐ржХ ржорж╛ржирзБрж╖рзЗрж░ ржЦрж╛ржжрзНржп рж╕рж╛ржоржЧрзНрж░рзА ржкрзНрж░ржжрж╛ржи ржХрж░рж╛ рж╣ржпрж╝... рзирзм/рзжрзл/рзирзжрзирзж pic.twitter.com/4n9fDw6jZG",Yes
75,1265287857809297411,"ржХрж░рзЛржирж╛ ржЕрждрж┐ржорж╛рж░рзАрждрзЗ ржмржзрж┐рж░рждрж╛ ржбрзЗржХрзЗ ржЖржирждрзЗ ржкрж╛рж░рзЗ ржкрзНрж░рж╛ржг рж╕ржВрж╢ржпрж╝ржУ, рж╕рждрж░рзНржХржмрж╛ржгрзА ржирж╛ржХ-ржХрж╛ржи-ржЧрж▓рж╛ ржмрж┐рж╢рзЗрж╖ржЬрзНржЮржжрзЗрж░
 https://bit.ly/2M03gdc┬а
#coronavirus",Yes
76,1265286241370599426,"ржХрж░рзЛржирж╛ рж╕ржВржХрзНрж░ржоржгрзЗ рж╢рзАрж░рзНрж╖рзЗ ржпрж╛ржмрзЗ ржПржЗ рждрж┐ржи рж░рж╛ржЬрзНржп
#coronavirus #kerala #punjub #hariyana #deathtoll https://bit.ly/2XoJJIw┬а",Yes
77,1265286015129915392,"ржПржЗ ржХрзНрж░рж┐ржХрзЗржЯрж╛рж░ржЗ ржмрж╛ржВрж▓рж╛ржжрзЗрж╢рзЗрж░ ржмрж┐ржкржХрзНрж╖рзЗ ржЕржнрж┐рж╖рзЗржХрзЗ рж╣рзНржпрж╛ржЯрзНрж░рж┐ржХ ржХрж░рзЗ ржмрж┐рж╢рзНржмрж░рзЗржХрж░рзНржб ржЧржбрж╝рзЗржЫрж┐рж▓рзЗржиред ЁЯдФ
ржмрж┐рж╕рзНрждрж╛рж░рж┐ржд ржкрзНрж░рждрж┐ржмрзЗржжржирзЗ:  https://bit.ly/3gou8le┬а
#dailycricket #Covid19",No
78,1265285326047592448,"рж╕рзБржпрзЛржЧ ржерж╛ржХржмрзЗ,

рждржмрзБржУ ржкрзНрж░рж┐ржпрж╝ ржорж╛ржирзБрж╖рзЗрж░ рж╣рж╛ржд ржзрж░рждрзЗ ржнржпрж╝ ржкрж╛ржмрзЗ!!ЁЯШ┐
#COVID19",Yes
79,1265284607395553280,"ржЬрзБрж▓рж╛ржЗ ржерзЗржХрзЗ рж╕рзНржХрзБрж▓ ржЦрзЛрж▓рж╛рж░ ржкрзНрж░рж╕рзНрждрж╛ржм ржХрзЗржирзНржжрзНрж░рзЗрж░, рждржмрзЗ рж╢рзБржзрзБржЗ ржиржмржо ржерзЗржХрзЗ ржжрзНржмрж╛ржжрж╢ рж╢рзНрж░рзЗржгрж┐рж░ ржЬржирзНржп
#Zee24Ghanta #Coronavirus #Lockdown https://zeenews.india.com/bengali/nation/hrd-proposes-to-reopen-school-from-july-for-class-9-to-12_317580.html┬атАж",Yes
80,1265283558400131072,"#coronavirus тАШржЕржЬрж╛ржирж╛, ржЕржЪрзЗржирж╛ ржнрж╛ржЗрж░рж╛рж╕ рж╕ржорзНржкрж░рзНржХрзЗ ржЬрзЗржирзЗ, ржЧржмрзЗрж╖ржгрж╛ ржХрж░рзЗ  ржЖржЧрж╛ржо рж╕рждрж░рзНржХрждрж╛ ржжрж┐рждрзЗ рж╣ржмрзЗ ржмрж┐ржЬрзНржЮрж╛ржирзАржжрзЗрж░, ржиржпрж╝рждрзЛ ржЖрж░ржУ ржмрж┐ржкржжтАЩ   https://bengali.abplive.com/news/coronavirus-is-just-tip-of-the-iceberg-warns-chinas-bat-woman-698370┬атАж",Yes
81,1265281536766685184,"ржмрж┐рж╢рзНржмржмрзНржпрж╛ржкрзА рж▓ржХржбрж╛ржЙржи рж╢рж┐ржерж┐рж▓ ржХрж░рж╛рж░ ржпрзЗ ржкрзНрж░ржмржгрждрж╛ рж╢рзБрж░рзБ рж╣ржпрж╝рзЗржЫрзЗ рждрж╛рждрзЗ ржПржЗ ржорж╣рж╛ржорж╛рж░рзАрж░ ржкрзНрж░ржХрзЛржк ржЖржмрж╛рж░ ржжрзНржмрж┐рждрзАржпрж╝ ржжржлрж╛ржпрж╝ ржнржпрж╝рж╛ржмрж╣ ржЖржХрж╛рж░ ржзрж╛рж░ржг ржХрж░рждрзЗ ржкрж╛рж░рзЗ @WHO
#Lockdown #COVID19 #coronavirus #CoronaPandemic https://drishtibhongi.in/2020/05/26/corona-pandemic-to-worsen-cautions-who/┬атАж",Yes
82,1265280728289251335,"CoronaVirus: ржЧржд рзирзк ржШржгрзНржЯрж╛ржпрж╝ ржжрзЗрж╢ржЬрзБржбрж╝рзЗ ржХрж░рзЛржирж╛ рж╕ржВржХрзНрж░рж╛ржорж┐ржд рзм,рзлрзйрзл ржПржмржВ ржорзГржд рззрзкрзм | Khabor24x7  https://www.khabor24x7.com/news/national/covid19-death-toll-4167-covid-cases-reaches-to-145379-15219/┬атАж",No
83,1265280415188713475,"рж░ржВржкрзБрж░рзЗ ржПрж░рж╢рж╛ржжрзЗрж░ 'ржкрж▓рзНрж▓рзА ржирж┐ржмрж╛рж╕' рж▓ржХржбрж╛ржЙржи
#COVID19
 https://www.prothomalo.com/bangladesh/article/1658837/%E0%A6%B0%E0%A6%82%E0%A6%AA%E0%A7%81%E0%A6%B0%E0%A7%87-%E0%A6%8F%E0%A6%B0%E0%A6%B6%E0%A6%BE%E0%A6%A6%E0%A7%87%E0%A6%B0-%E0%A6%AA%E0%A6%B2%E0%A7%8D%E0%A6%B2%E0%A7%80-%E0%A6%A8%E0%A6%BF%E0%A6%AC%E0%A6%BE%E0%A6%B8-%E0%A6%B2%E0%A6%95%E0%A6%A1%E0%A6%BE%E0%A6%89%E0%A6%A8┬атАж",Yes
84,1265280215124791297,ржЬрзЗрж▓рж╛ржпрж╝ Corona ржЖржХрзНрж░рж╛ржирзНрждрзЗрж░ ржЕржзрж┐ржХрж╛ржВрж╢ржЗ ржкрж░рж┐ржпрж╛ржпрж╝рзА рж╢рзНрж░ржорж┐ржХ  https://thebanganews.com/central-govt-is-sending-more-trains-to-west-bengal-from-mumbai/┬атАж,Yes
85,1265278361435115521,"ржЖржЬ рж╣рзБржЧрж▓рж┐ ржЬрзЗрж▓рж╛рж░, ржЬрзЗрж▓рж╛ рж╢рж╛рж╕ржХрзЗрж░ ржжржкрзНрждрж░рзЗ video conference ржПрж░ ржорж╛ржзрзНржпржорзЗ ржЖржоржлрж╛ржи ржШрзВрж░рзНржгрж┐ржЭржбрж╝рзЗрж░ ржЦржпрж╝ржХрзНрж╖рждрж┐рж░ ржмрж┐рж╖ржпрж╝рзЗ ржПржмржВ COVID-19 ржПрж░ ржмрж░рзНрждржорж╛ржи ржкрж░рж┐рж╕рзНржерж┐рждрж┐ ржирж┐ржпрж╝рзЗ ржмрж┐рж╢рзЗрж╖ ржкрж░рзНржпрж╛рж▓рзЛржЪржирж╛ рж╕ржнрж╛ рж╣рж▓рзЛредред  pic.twitter.com/l0dMZuPuYj",Yes
86,1265277100522528774,"@narendramodi 
ржорж╛ржиржирзАржпрж╝ ржнрж╛рж░рждрзЗрж░ ржкрзНрж░ржзрж╛ржиржоржирзНрждрзНрж░рзА ЁЯЗоЁЯЗ│ЁЯЩП
Covid-19 ржПрж░ ржЬрзЗрж░рзЗ рж╕ржорж╕рзНржд ржнрж╛рж░рждржмрж░рзНрж╖рзЗ рж▓ржХржбрж╛ржЙржи ржЬрж╛рж░рж┐ ржХрж░рж╛ рж╣ржпрж╝рзЗржЫрзЗред
ржпрж╛рж╣рж╛рж░ ржЬржирзНржп рж░рзЛржЬржЧрж╛рж░ ржмржирзНржж рж╣ржпрж╝рзЗ ржЧрж┐ржпрж╝рзЗржЫрзЗредрж░рзЛржЬржЧрж╛рж░ ржЫрж╛ржбрж╝рж╛ ржЧрж╛ржбрж╝рж┐рж░ ржЗржирж╖рзНржЯрзБрж▓ржорзЗржгрзНржЯ ржжрзЗржУржпрж╝рж╛ ржЕрж╕ржорзНржнржмредрждрж╛ржЗ ржжржпрж╝рж╛ ржХрж░рзЗ ржпрждржжрж┐ржи рж▓ржХржбрж╛ржЙржи ржЪрж▓ржмрзЗ рждрждржжрж┐ржирзЗрж░ ржЗржирж╖рзНржЯрзБрж▓ржорзЗржгрзНржЯ ржорж╛ржл ржХрж░рж╛рж░ ржЖржжрзЗрж╢ ржкрзНрж░ржжрж╛ржи ржХрж░рзБржиредржХрж╛ржЫрж╛ржбрж╝(ржЖрж╕рж╛ржо)",No
87,1265276322357510150,"ржорж╛-ржмрж╛ржмрж╛ рж╢рж┐рж╢рзБржХрзЗ ржорж╛рж╕рзНржХ ржкрж░рж╛ржирзЛрж░ ржорждрзЛ ржмрж┐ржкржжржЬржиржХ ржнрзБрж▓ ржХрж░ржмрзЗржи ржирж╛
#CoronaWarriors #Corona #coronavirus #Covid_19 #mask https://bengali.news18.com/news/coronavirus-latest-news/children-under-the-age-of-two-shouldnot-wear-masks-dd-454462.html┬атАж",No
88,1265276247178764291,COVID-19 ржЪрж┐ржирж╛ ржнрж╛ржЗрж░рж╛рж╕ рждрж╛ржЗ рж░рж╛рж╖рзНржЯрзНрж░рж╕ржВржШрзЗрж░ рж╕рзНржерж╛ржпрж╝рзА ржкржж ржерзЗржХрзЗ ржЪрж┐ржиржХрзЗ ржмрж░ржЦрж╛рж╕рзНржд ржХрж░рж╛рж░ ржЬржирзНржп рж╕ржХрж▓ ржжрзЗрж╢ ржПржХ рж╣ржУржпрж╝рж╛ ржЙржЪрж┐ржд,No
89,1265274841965326339,"@IamSumanDe 
ржПржмрж╛рж░ ржХрж┐ рждрж╛рж╣рж▓рзЗ Corona ржХрзЗ Constant ржзрж░рзЗ ржЙржорзНржкрзБржи,ржХрж╛рж▓ржмрзИрж╢рж╛ржЦрж┐, current off, ржЬржорж╛ ржЬрж▓ , ржЧрж╛ржЫ ржкрж░рж╛  ржкржЩржкрж╛рж▓ ржХрзЗ Variables ржзрж░рзЗ ржмрж╛ржХрж┐ ржЬрзАржмржи ржЯрж╛ ржХржЯрж╛рждрзЗ рж╣ржмрзЗ??",No
90,1265274406542008327,"ржХрзБржорж┐рж▓рзНрж▓рж╛ржпрж╝ ржХрж░рзЛржирж╛ржпрж╝ ржжрзБржЗржЬржирзЗрж░ ржорзГрждрзНржпрзБ, рзирзз ржЪрж┐ржХрж┐рзОрж╕ржХ ржХрзЛржпрж╝рж╛рж░рзЗржирзНржЯрж╛ржЗржирзЗ 
 https://www.deshebideshe.com/news/details/227971┬атАж
#Bangladesh #COVID__19 #Covid_19 #coronavirus #DOCTOR",Yes
91,1265273985291489280,"ржжрзЗрж╢рзЗ ржХрж░рзЛржирж╛ рж╕ржВржХрзНрж░ржорж┐рждрзЗрж░ рж╕ржВржЦрзНржпрж╛ рзз,рзлрзж,рзжрзжрзж ржЫрзБржБржЗ ржЫрзБржБржЗред ржПрж░ржЗ ржоржзрзНржпрзЗ ржорзЛржжрзА рзи.рзж-ржПрж░ ржмрж░рзНрж╖ржкрзВрж░рзНрждрж┐ ржкрж╛рж▓ржирзЗрж░ ржкрзНрж░рж╕рзНрждрзБрждрж┐ ржмрж┐ржЬрзЗржкрж┐рж░

#COVID19 #Lockdown #CoronaPandemic #Modi1Year https://drishtibhongi.in/2020/05/26/modi-anniversary-amid-corona-lockdown/┬атАж",No
92,1265273551675949056,"тАШржЯрзЗрж╕рзНржЯрзЗрж░ ржжрзНржмрж┐рждрзАржпрж╝ ржжрж┐ржирзЗ ржХрзЗржЙ COVID-ржЖржХрзНрж░рж╛ржирзНржд рж╣рж▓рзЗ ржХрзА рж╣ржмрзЗ?тАЩ, ржХрзНрж░рж┐ржХрзЗржЯ рж╢рзБрж░рзБ ржирж┐ржпрж╝рзЗ ржкрзНрж░рж╢рзНржи┬аржжрзНрж░рж╛ржмрж┐ржбрж╝рзЗрж░  https://saanko.net/eisamay/133185/┬а",No
93,1265272636449394689,"ржХрж░рзЛржирж╛ржЬржпрж╝рзА рж╕рзНржкрзЗржирзЗ рззрзж ржжрж┐ржирзЗрж░ рж╢рзЛржХ ржШрзЛрж╖ржгрж╛ 
 https://www.deshebideshe.com/news/details/227967┬атАж
#Spain #Europe #coronavirus #covid1948",Yes
94,1265272172974489601,"ржПржХ ржжрж┐ржирзЗ рж░рж╛ржЬрзНржпрзЗрж░ ржПржЗ ржЬрзЗрж▓рж╛ржпрж╝ ржирждрзБржи ржХрж░рзЗ ржХрж░рзЛржирж╛ ржЖржХрзНрж░рж╛ржирзНржд ржЖрж░ржУ рзн !
 https://www.westbengalnews24.com/33231/┬а
#Covid_19 #WestBengal",Yes
95,1265271779133710336,"ржмрзБржзржмрж╛рж░ ржнрж╛рж░рзНржЪрзБржпрж╝рж╛рж▓ рж╕ржВржмрж╛ржж рж╕ржорзНржорзЗрж▓ржирзЗ ржЖрж╕ржЫрзЗржи ржлржЦрж░рзБрж▓  https://www.deshebideshe.com/news/details/227966┬атАж
#Bangladesh #BNP #coronavirus",No
96,1265269900836081664,"ржХрж░рзЛржирж╛ржпрж╝ ржжрзЗрж╢рзЗ ржкрзНрж░ржержо ржЖржЗржиржЬрзАржмрзАрж░ ржорзГрждрзНржпрзБ
 https://www.deshebideshe.com/news/details/227963┬атАж
#lawyer #coronavirus #Covid_19",Yes
97,1265269636339126272,"рж╕рж╛ржорж╛ржЬрж┐ржХ ржжрзВрж░рждрзНржм ржирж┐ржпрж╝рзЗ рж╕рж╛ржорж╛ржЬрж┐ржХ ржорж╛ржзрзНржпржорзЗ ржШрзЗржЙржШрзЗржЙ ржХрж░рж╛ ржХржд ржмрзБржжрзНржзрж┐ржЬрзАржмрж┐ржХрзЗ ржИржжрзЗрж░ ржжрж┐ржи ржжрзЗржЦрж▓рж╛ржо рж░рж╛рж╕рзНрждрж╛ржпрж╝ рж░рж╛рж╕рзНрждрж╛ржпрж╝ ржШрзБрж░рзЗ ржШрзБрж░рзЗ ржЖрж░ рж╢рзНржмрж╢рзБрж░ржмрж╛ржбрж╝рж┐рждрзЗ ржЧрж┐ржпрж╝рзЗ рж╕рзЗрж▓ржлрж┐ рждрзБрж▓рждрзЗред ржЦрж╛рж▓рж┐ ржЧрж░рзАржм ржорж╛ржирзБрж╖ ржЯрзНрж░рж╛ржХрзЗ ржХрж░рзЗ ржмрж╛ржбрж╝рж┐ ржЧрзЗрж▓рзЗржЗ ржпржд ржжрзЛрж╖! ЁЯШСЁЯШСЁЯШС
#coronavirus #EidAlFitr",No
98,1265269002978222080,"рзйрзж ржорзЗ ржЦрзБрж▓ржЫрзЗ ржмрж╛ржгрж┐ржЬрзНржпрж┐ржХ ржмрж┐рждрж╛ржи ржУ ржорж╛рж░рзНржХрзЗржЯ 
 https://www.deshebideshe.com/news/details/227962┬атАж
#markte #LockdownEnd #coronavirus",Yes
99,1265268835986182144,"ржХрж░рзЛржирж╛ рж▓ржХржбрж╛ржЙржирзЗрж░ ржзрж╛ржХрзНржХрж╛ржпрж╝ рж╢рзБрж░рзБ ржХрж░рзНржорзА ржЫрж╛ржБржЯрж╛ржЗ, ржмрзЗржХрж╛рж░рждрзНржм ржмрж╛ржбрж╝ржЫрзЗ рж╢рж╣рж░рж╛ржЮрзНржЪрж▓рзЗ
#coronavirus #Lockdown4 https://bengali.oneindia.com/news/india/urban-youths-are-more-unemployed-due-to-coronavirus-lockdown-083452.html┬атАж",Yes
