,text,labels
0,গড় আমেরিকানদের কাছে আপনার কোভিড -১৯ আছে কিনা তা বলার সেরা উপায়টি হলেন ধনী ব্যক্তির মুখে কাশি এবং তার পরীক্ষার ফলাফলের জন্য অপেক্ষা করা,0
1,এই বকশি বাজানো হয়,0
2,আপনি কি দয়া করে কেবলমাত্র সরকারের নির্দেশাবলী অনুসরণ করতে পারেন যাতে আমরা এই covid-19 নক আউট করে শেষ করতে পারি ?! আমি একজন কিন্ডারগার্টারের মতো অনুভব করি যা আরও অবসর সময় হারাতে থাকে কারণ এক বা দুটি বাচ্চারা দিকনির্দেশগুলি অনুসরণ করতে পারে না।,0
3,কোনও অপরাধ নয় তবে এপ্রিলের আগে সফল হওয়ার আগে করোনার ভাইরাস অদৃশ্য হয়ে গেছে,0
4,"লন্ডনের আশেপাশের গুরুতর অসুস্থ কোভিড ১৯ রোগীদের চলাচলের জন্য ব্যক্তিগত সুরক্ষামূলক সরঞ্জামে এটি কেবল 9 ঘন্টা ব্যয় করেছিল এমন একজনের মুখ। আমি ভাঙ্গা অনুভব করি - এবং আমরা কেবল শুরুতেই আছি। আমি লোককে ভিক্ষা করছি, দয়া করে সামাজিক দূরত্ব এবং স্ব বিচ্ছিন্নতা করুন  কোভিড ১৯ URL",1
5,"গতকাল আমি আমার টেন্যান্টের দরজায় কড়া নাড়িয়া তাকে বলেছিলাম যে তিনি 5 মাসের জন্য সম্পত্তি ভাড়ায় বিনামূল্যে থাকতে পারবেন। তিনি ৪ বাচ্চা নিয়ে স্বনিযুক্ত। নৈতিকভাবে কী সঠিক তা বলার জন্য আমার কাছে বরিসের দরকার নেই। বাড়িওয়ালারা, যদি আপনি আরও কিছু করতে পারেন তবে কিছু করুন।  covid19 benice",1
6,"কভিড -১৯ শেষ হওয়ার পরে, কাউকে ট্র্যাশ ""নিম্ন প্রান্ত"" কর্মী শোনার জন্য আমি আর কখনও ভাল না। মুদি দোকানে those লোকেরা, ডলার জেনারেল শ্রমিকরা, সেই ফাস্টফুড কর্মীরা, ওয়ালমার্ট কর্মচারী, সেই লোকেরা যাদের আপনি বেঁচে থাকার মজুরি পাওয়ার যোগ্যও ভাবেননি?",0
7,এটি হলেন ডঃ উসামা রিয়াজ। তিনি গত কয়েক সপ্তাহ পাকিস্তানে করোনার ভাইরাস দ্বারা আক্রান্ত রোগীদের স্ক্রিনিং এবং চিকিত্সা ব্যয় করেছিলেন। তিনি জানতেন কোনও পিপিই নেই। সে যাইহোক জেদ ধরেছিল। আজ তিনি করোনাভাইরাসের সাথে নিজের লড়াইটি হেরে গেলেও তিনি আরও অনেককে জীবন ও আশা দিয়েছেন। তার নাম জানুন URL,1
9,এই করোনার বিষ্ঠাটি যখন পাস হয় তখন আমাদের একে অপরকে প্রতিশ্রুতি দিতে হয় যে আমরা আমাদের বাচ্চাদের জানাতে যাচ্ছি যে আমরা ২০২০ সালে একটি জম্বি অ্যাপোকালাইপসে বেঁচে গিয়েছি ived,0
10,শ্বাসকষ্ট তাই করোনার লক্ষণ ঠিক তবে আপনি জানেন কী আমাকে শ্বাসকষ্টও দেয়? উদ্বেগ। এবং আপনি কি আমাকে উদ্বেগ দিচ্ছেন জানেন? ভাবছি আমার করোনা আছে।,0
12,আমার মা হোয়াটসঅ্যাপ বিশ্ববিদ্যালয় থেকে করোনার ভাইরাস নিয়ে পিএইচডি করেছেন,1
13,তিনি ধনী বন্ধুদের বলেছিলেন। তারপরে স্টকটিতে শীতল $ 1.4m আউট করা হয়েছে। তারপরে কোভিড -১৯ ত্রাণ বিলের বিরুদ্ধে আবার ভোট দিয়েছে। তাকে যেতে হবে,1
14,"ভবিষ্যতের নাতি: ""আরে দাদু কর্নো চান?"" আমি: URL",0
15,কোরিয়া 10 মিনিটের কোভিড -19 ডায়াগোনস্টিক কিটটি তৈরি করা শেষ করেছে এবং এখন উত্পাদন বাড়িয়ে তুলছে। তারা প্রতি সপ্তাহে 300.000 টেস্ট-কিট রফতানি করার পরিকল্পনা করছে - URL,1
16,"tw আত্মহত্যা, covid-19 আরে, তাই, ওম, এখন ঘরে একটি বড় হাতি আছে। covid এখনই একমাত্র মহামারী হচ্ছে না - এবং এটি একটি খারাপ, খারাপ সময়ে এসেছিল। কখনও ভাল সময় হয় না। একটি মানসিক স্বাস্থ্য মহামারী দেখা দিচ্ছে, এবং আমরা দেখতে শুরু করব-",1
17,সেলিব্রিটিরা ভাইরাসটিকে দূরে সরিয়ে দেওয়ার চেষ্টা করে চলেছেন এটি একটি ডিজনি চলচ্চিত্র বা কিছু,0
18,আমি যদি কোভিড -১৯ এর অনুভূতি বিকাশ করি তবে এটি চলে যাবে,0
19,"থ্রেড: আমি এখানে প্রায়শই সিনেমা নিয়ে কথা বলি, তবে এখানে চলে। কেবলমাত্র সংক্ষিপ্ত সরবরাহে অস্ত্রোপচারের মুখোশ এবং অন্যান্য মেডিকেল পোশাক তৈরির জন্য আমরা বর্তমানে আমাদের কারখানাটি চালাচ্ছি। আমরা দিনে 2 মিলিয়ন মুখোশ তৈরি করতে পারি এবং এই সময়ের মধ্যে যে কোনও উপায়ে সম্ভব সহায়তা করতে চাইছি।  covid19 URL",1
20,আমার ম্যান হাউস বৃহস্পতিবার 6 ভিকোডিন পপ করবে এবং শনিবার সকালে এই নিরাময় আছে।,0
21,"আমি প্রায় সবকিছু ঠিকঠাক করেছি। ঘরে বসে কাজ করেছেন। গত 10 দিনে এক বন্ধু দেখেছি। একটি বড় টেবিলের দু'পাশে একটি পাবের বাইরে এক ঘন্টার জন্য বিয়ার ছিল। টাটকা বাতাস, যোগাযোগ নেই। আমার হাত 3 বার ধোয়া। তবুও তার কাছ থেকে করোনাকে ধরল। এই জিনিসটি নিয়ে চারপাশে চোদো না।",1
22,আমি বুঝতে পারি না যে এমসিডোনাল্ডস প্রতি বছর কীভাবে দুই বিলিয়ন হ্যামবার্গার পরিবেশন করতে পারে তবে আমি যখন ড্রাইভে পাঁচ মিলিয়ন অর্ডার করি তখন এটি সিস্টেমকে ছাপিয়ে যায়,0
23,ব্রো চীন এখানে নিগাস পাওয়ারের স্তরগুলি পড়ছে এবং আমরা পর্যাপ্ত পরীক্ষাও করতে পারি না,0
24,এই করোনার বিষ্ঠা শেষ হয়ে গেলে আমাকে আমন্ত্রণ জানান। আমি জানি আমি মাঝে মাঝে ঝাপটায় পড়ে যাই তবে আমার পাছা বাইরে আসতে চলেছে আমি প্রতিশ্রুতি দিয়ে থাকি,0
25,"তুমি তোমার প্রাক্তনকে মিস কর, করোনার ভাইরাস ছাড়াই আমি জীবন মিস করি",0
26,"“আমি তাকে থামিয়ে দিয়ে বললাম, দেখুন, এটা কোনও সিনেমা নয়। আই এম লেজেন্ডে আপনি উইল স্মিথ নন। বাড়িতে যেতে."" এটি ইতালীয় মেয়রদের  কোভিড ১৯ কোয়ারেন্টাইন লঙ্ঘনকারী লোকদের কাছে এটি হারাতে আপডেট হওয়া সংকলন। হ্যাঁ, সাবটাইটেলগুলি সঠিক। URL",0
27,"আপনার ডাক্তার এটি নির্ধারণ না করে  covid19 অবধি জন্য হাইড্রোক্সাইক্লোরোকুইন (প্লাকুইনিল) প্লাস অ্যাজিথ্রোমাইসিন গ্রহণ করবেন না take উভয় ওষুধই আপনার হার্টের qt ব্যবধানকে প্রভাবিত করে এবং এরিথমিয়া এবং হঠাৎ মৃত্যুর কারণ হতে পারে, বিশেষত যদি আপনি অন্য মেডিস গ্রহণ করছেন বা হার্টের অবস্থা রয়েছে।",1
28,৫ ম দিন: আমরা কৃষিকাজটি পুনরায় আবিষ্কার করেছি,0
29,এই করোনার ভাইরাস এপ্রিলের মাঝামাঝি পেরিয়ে যাবে !! এটি অস্তিত্ব মধ্যে কথা বলা,1
30,আপনার সমর্থন এবং উত্সাহের অবিশ্বাস্য বার্তাগুলির জন্য সবাইকে ধন্যবাদ you আপনারা অনেকেই জিজ্ঞাসা করেছিলেন এখনই ইআর তে এটি কেমন ছিল। আমি আপনার সাথে কিছুটা ভাগ করতে চাই। দয়া করে আরটি: ইআর ডকের জীবনে একটি দিন -  সিভিডি 19 ফ্রন্টলাইন থেকে একটি সংক্ষিপ্ত প্রেরণ:,0
31,"আমার সহকর্মীরা, আতঙ্কিত হওয়ার দরকার নেই। প্রয়োজনীয় পণ্য, ওষুধ ইত্যাদি পাওয়া যেত। এটি নিশ্চিত করতে কেন্দ্র এবং বিভিন্ন রাজ্য সরকার নিবিড় সমন্বয় করে কাজ করবে। একসাথে, আমরা covid-19 এর সাথে লড়াই করব এবং একটি স্বাস্থ্যকর ভারত তৈরি করব। জয় হিন্দ!",1
32,কুকুরগুলি যখন তাদের মালিকদের জানতে পেরেছিল করোনার ভাইরাসের কারণে ছাড়তে পারে না URL,0
33,না .. এক ... গ্যাস্টনের মতো গ্যাস্টন কোয়ারানটাইনগুলির মত পরিষ্কার,1
34,এ কারণেই ফ্লোরিডায় সৈকত বন্ধ হয়নি এবং কেন তাদের ন্যূনতম covid-19 প্রতিরোধ হয়েছিল। নিখুঁত কর্মহীনতা। URL,1
35,"আমার নতুন প্রিয় জিনিসটি হ'ল ইতালীয় মেয়র এবং আঞ্চলিক রাষ্ট্রপতিরা পৃথকীকরণ লঙ্ঘনকারী লোকদের কাছে এটি হারাচ্ছেন। এখানে একটি ইঞ্জির সাবটাইটেল সংকলন রয়েছে। “আমি শুনেছি আপনি স্নাতক দল নিক্ষেপ করতে চান। আমি পুলিশকে পাঠিয়ে দেব। শিখার সাথে। ""  কোভিড 19  করোনভাইরাস URL",0
36,"covid-19 পরিশেষে, একজন নার্সের কাছ থেকে কিছু বুদ্ধিমান পরামর্শ “আমি যা অনেক কিছু দেখেছি তা হল প্রথম স্থানে করোনভাইরাসটি এড়াতে কীভাবে চেষ্টা করা যায় - তার জন্য ভাল হাত ধোয়া, ব্যক্তিগত স্বাস্থ্যবিধি এবং সামাজিক দূরত্ব - তবে আমার যা আছে অনেক কিছুই দেখা যায় না এর জন্য পরামর্শ ...",0
37,"করোনার ভাইরাস বাস্তব নয়, সরকার কেবল দু'সপ্তাহের জন্য সবাইকে চাই যাতে তারা পাখির ব্যাটারি পরিবর্তন করতে পারে।",1
38,কোয়ারান্টিনের 6 ষ্ঠ দিন: আমার বাবা বিড়ালদের সাথে কোভিড -১ about সম্পর্কে একটি কথা বলেছেন URL,0
39,"এটি জেনারেশন জেড i আমি এটির নাম রাখতে চাই কারণ লোকেরা 40 এবং তারও অধিক সহস্রাব্দের অধীনে কল করা পছন্দ করে। সহস্রাব্দগুলি স্প্রিং ব্রেক এ নেই। সহস্রাব্দের ঘরে বসে তাদের বুমার পিতামাতারা চিৎকার করছেন যারা তাদের ""ভয়ের প্রতি বিশ্বাস"" থাকার কারণে চুপ করে বসে নেই।",1
40,“ওহে ছেলেরা খুশী স্ব-কোয়ারেন্টাইন। করোনার ভাইরাস সত্যই জিনিস is বাহ আমার কোন ধারণা ছিল না! ধন্যবাদ কাইলি! URL,0
41,"ওয়ার্ল্ড হেলথ অর্গানাইজেশন তরুণদের সতর্ক করে: ""আপনি অজেয় নয় are"" কভিড -১৯ আপনাকে ""কয়েক সপ্তাহের জন্য হাসপাতালে রেখেছিল, এমনকি হত্যা করতে পারে। এমনকি আপনি অসুস্থ না হলেও, আপনি কোথায় যান সে সম্পর্কে আপনার পছন্দ বাছাই করা অন্য কারও জন্য জীবন ও মৃত্যুর পার্থক্য হতে পারে ”""",1
42,এই মানুষ হাসপাতালের বিল আউট এত বেশি হতে পারে।,1
43,স্পেনের একটি হাসপাতালের ভিডিও। এটা দেখ. ভলিউম আপ দিয়ে এটি আবার দেখুন। এবার সেই ব্রঞ্চটি বাতিল করুন। এই কফি মিলন আপ স্থগিত। বৃষ্টির বন্ধুদের সাথে ডিনার চেক। চুষছে না তাই না? তবে এই co covid 19  করোনভাইরাস  স্টাএটহোম URL এর মতো শক্ত নয়,0
44,আপনি যখন একজন গোলরক্ষক হন ... এবং একমাত্র শিশু ... স্ব-বিচ্ছিন্নতায় ... এবং আপনার প্রশিক্ষণটি চালিয়ে যাওয়ার চেষ্টা করছেন ... এই সাথে নিজেই আপ করুন! আমি খুব মুগ্ধ coronavirus stayhomestaysafe URL,0
45,কোভিড -১৯ বড় হতে পারে তবে আমি আপনাকে কেবল মনে করিয়ে দিতে চাই যে আমাদের godশ্বর বড় b,0
46,সিডিসি সবেমাত্র ঘোষণা করেছে যে ইনস্টাগ্রামের গল্পের চ্যালেঞ্জগুলির মাধ্যমে করোনাকে ছড়িয়ে দেওয়া যেতে পারে: - /,1
47,"কেটি পোর্টারের বোন, একজন চিকিৎসক, কভিড -১৯ সংকটের সময়ে কীভাবে জীবনযাপন করতে পারবেন জীবন বাঁচাতে পারে তা ভেঙে দিচ্ছেন URL",1
48,"আর কেউ এলোমেলোভাবে কার্ডির কণ্ঠে ""করোনার ভাইরাস"" চেঁচাচ্ছে?",0
49,"নাগরিকত্বের মর্যাদা নির্বিশেষে এই কর্মীদের সুরক্ষা, স্বাস্থ্যসেবা এবং অসুস্থ বেতনের প্রয়োজন। তাদের পরিষেবাগুলি প্রয়োজনীয় এবং এই সমস্যাটি নিয়ে আরও আক্রমণাত্মক সংলাপ হওয়া দরকার। তাদের ছাড়া জীবন কী দেখতে চাইবে? আমি জানতে চাই না!",0
50,আমি: এইচ- আমার মা হোয়াটসঅ্যাপ থ্রেড থেকে স্নাতক হওয়ার পরে করোনার ভাইরাসে তার পিএইচডি সহ: URL,0
51,একে অপরের খোঁজখবর করে  covid19 কে কাটিয়ে উঠতে আশ্বাসের বিটিএসের বার্তাটি দেখুন! আমরা বার্তা চালিয়ে যাওয়ার জন্য পুত্র হিউং-মিনকে আমন্ত্রণ জানাই! URL stayconnected staystrong_army  _  btslovemyself endv हिंसा,0
52,শ্বেত মানুষ: কভিড -১৯ কালো ভাবেন: রোনার সমকামী লোক: মিস রোন,0
53,কর্নো সিিস তুমি চলে যাচ্ছ ঠিক? URL,0
54,বাহ ... আজ সকালে তোলা হয়েছে .... tbh এর আগে ভ্যাগাসকে এই খালি কখনও দেখেনি URL,0
55,"ডিসেম্বরে / জানুয়ারীর প্রথম দিকে একটি বাজে ফ্লু ছিল i আমি আপনাকে বলছি, এটি করোনার ছিল। বেয়ার পিপিএল অসুস্থ ছিল (আমাকে সহ) আমরা এখন করোনার লক্ষণ হিসাবে যা জানি তা অভিযোগ করে।",1
56,"সুতরাং, কোভিড -১৯ টি সমস্ত কিছু খোলার কারণে, আমি ভেবেছিলাম 'আমাদের একটি টুইটারের প্রম কেন নেই?' সুতরাং, আর কোনও বিজ্ঞাপন ছাড়াই, আমি আপনাকে আমার সমস্ত টুইটার প্রোমকে আমন্ত্রণ জানাচ্ছি! আপনি কাউকে আপনার বন্ধু বা অংশীদার হিসাবে আপনার সাথে যেতে বলতে চাইতে পারেন। প্রচার 25 মার্চ অনুষ্ঠিত হবে। যোগদানের ইন্টারেক্টিভ!",0
57,ব্যাটম্যান এখন টেবিল বসছে। সময় কঠিন।,0
58,এটি থেকে এই URL,0
60,চীন ইতালির চেয়ে 24 গুণ বেশি লোক ...,1
61,"এটি শেষ হয়ে যাওয়ার পরে, দয়া করে ভবিষ্যতের কাজের সাক্ষাত্কারে তাদের কোম্পানী তাদের কর্মচারীদের বৈশ্বিক covid-19 পরিস্থিতির সাথে সুরক্ষার জন্য কী করেছিল তা জিজ্ঞাসা করার জন্য তাদের মনে রাখবেন। যাত্রীবাহী সংস্থাগুলির পক্ষে কাজ করার ঝুঁকি নেওয়া যায় না।",0
62,আমার ফ্লিনস্টোনস আঠা 15 বছর আগে করোনার সাথে লড়াই করেছে URL,1
63,আইসল্যান্ড এর পুরো জনসংখ্যা পরীক্ষা করেছে। এটি আবার পড়ুন: এটি সমগ্র জনসাধারণ।,1
64,তবে দুশ্চরিত্রা y’all said— URL,0
65,"ওহে. হ্যাঁ, এটি চীন থেকে উদ্ভূত হয়েছিল, তবে প্রযুক্তিগত শব্দটি কোভিড -১৯ আপনার মায়ের বুক স্কাইলার্কের পেছন থেকে উদ্ভূত, তবে আমরা তাকে জুডিথ ডোননিট বলি না।",1
66,ডোমিনিকান প্রজাতন্ত্র কোভিড -১ 19 URL এর নিরাময়ের সন্ধান করেছে,1
67,তোমার সব আঠা ছিল? আমি সেই খাঁটি রকটি খাচ্ছিলাম যা আমরা একইভাবে তৈরি করি না,0
68,"মহামারী বিশেষজ্ঞ যিনি গুটিপোকা নির্মূল করতে সহায়তা করেছিলেন বলেছিলেন যে ট্রাম্পের সিওভিড -১৯ এর প্রথম পরিচালনা ছিল ""একজন নির্বাচিত আধিকারিকের সবচেয়ে বেআইনী কাজ যা আমি আমার জীবদ্দশায় প্রত্যক্ষ করেছি।"" URL",1
69,আসন্ন সপ্তাহগুলিতে covid-19 এর বিরুদ্ধে লড়াইয়ের জন্য আমাদের কীভাবে যোগাযোগ করা দরকার তা সম্পর্কে জনস্বাস্থ্য বিশেষজ্ঞদের মধ্যে বর্তমান সেরা চিন্তার একটি দরকারী সংক্ষিপ্তসার এখানে রয়েছে। URL,0
70,করোনার ভাইরাস হিসাবে গানের ভিডিও তৈরির খ্যাতিমান ব্যক্তিরা এখন বিশ্বব্যাপী ২৩০ কে-র ক্ষেত্রে শীর্ষে রয়েছে URL,1
71,"covid-19 ব্রিফিংয়ের পরে অন্তর্বর্তী ট্রেডিং করা প্রতিটি সিনেটরকে অবিলম্বে পদত্যাগ করা উচিত। হ্যাঁ, এটি উভয় পক্ষেই প্রযোজ্য।",0
72,আইসিই ডাক্তার হওয়ার ভান করে। কোন চোদার শব্দ নেই। পারলে দান করুন,1
73,কি চলছে তা ব্রড আইডিক কিন্তু আমি তাদের সাথে একমত আছি। মিনি কুপারগুলি ফাক করুন। আপনার কাছাকাছি আসা পর্যন্ত ছোট গাধা গাড়ি সর্বদা একটি পার্কিং স্পটের মতো দেখায়।,0
74,"আমাদের চিকিত্সা পেশাদাররা হিরো আমাদের দেশকে এগিয়ে রাখতে লাইনে রাখছেন। ইতিমধ্যে একটি ইআর ডাক্তার যিনি ইতিমধ্যে একটি সঙ্কটের সম্মুখভাগে লড়াই করেছিলেন, এটি একবারের মধ্যে কীভাবে এটি তৈরি করে তা একবার দেখুন। আমাদের বাড়িতে থাকার মাধ্যমে তাদের সাহায্য করার জন্য একটি ভাল অনুস্মারক।",0
75,"প্রিয় আল্লাহ, যেকোন মূল্যে গাজা রক্ষা করুন",0
76,"স্লোভাকিয়ার রাষ্ট্রপতি তার করোনার ড্রিপটিতে দেখিয়েছেন, হাতে তৈরি সিলেক্ট ফ্যাব্রিক সার্জিক্যাল মাস্ক ..... অনবদ্য URL",1
77,ব্ল্যাক মিরর এর এই পর্বটি খুব দীর্ঘ যৌনসঙ্গম,0
78,এটি করোনার জন্য আপনি বড় চর্বি সাদা দুষ্ট গন্ধযুক্ত চর্বি দুশ্চরিত্রা কেন আপনি আমাকে ট্রিফলিন নোংরা সাদা বর্ণবাদী গাধা দিয়ে মাদারফাকিনের সময়সূচী থেকে সরিয়ে নিয়েছেন আপনি বড় ফ্যাট দুশ্চরিত্রা ওমপা লুমপা শরীরের গাধা দুশ্চরিত্রা আমি সেখানে আসছি এবং আমি ফাককে মারব আপনার কাছ থেকে দুশ্চরিত্রা,0
79,এই মাত্র 3 টি গান আমার টিএল-এর শুনছি hearing প্রভু এই করোনাকে এখনই নিয়ে যান! URL,0
80,"সমস্ত নায়করা ক্যাপ পরে না, কখনও কখনও তারা কেবল কম্বল পরে 2 সপ্তাহ ধরে নেটফ্লিক্স এন চিল পরে থাকে",0
81,এর সর্বদা আরামদায়ক দাগগুলি 3g h এ আঘাত করে,0
82,আমাকে হারোন ওয়েইনস্টেইনে সংক্রামিত হওয়ার পরে করোনায় URL,0
83,"জার্মানি এক সপ্তাহে 160k কোভিড -19 পরীক্ষা চালাচ্ছে। এটিতে মোট 35k ভেন্টিলেটর রয়েছে, 10 কে সরকার কর্তৃক তৈরি করার নির্দেশ দেওয়া হয়েছে। এটি বার্লিনে একটি নতুন 1 কে শয্যা হাসপাতালে রূপান্তর করেছে। এটির মৃত্যুর হার ক্ষুদ্র বিসিওএস এর গণ পরীক্ষার ফলে পৃথকীকরণ এবং বিসিও-তে এর কম রিপোর্ট করা কেস পাওয়া যায়।",1
84,কোভিড -১৯ কোয়ারান্টাইন পরে লোকেরা: URL,0
85,"ব্রেকিং: ১৮ বছরের কম বয়সী একটি শিশু লস অ্যাঞ্জেলেসে করোনাভাইরাসে মারা গেছে, জনস্বাস্থ্য কর্মকর্তারা ঘোষণা করেছেন যে মার্কিন যুক্তরাষ্ট্রে এই ভাইরাসের কারণে প্রথম সন্তানের মৃত্যু বলে মনে করা হচ্ছে। এলএ স্বাস্থ্য আধিকারিক বলেছেন, ""কোভিড -১৯ সমস্ত বয়সের লোককে সংক্রামিত করে এমন একটি বিধ্বংসী অনুস্মারক।""",1
86,covid-19 বিপদের বিরুদ্ধে লড়াইয়ে জাতিকে সম্বোধন করা।  ইন্ডিয়াফাইটসকোরোনা URL,0
88,সকলেই বরিস্তা হিসাবে করোনার বাইরে আসছিল,0
90,"আমার একজন সহকর্মী আজ  covid19 থেকে মারা গেছেন। বড় কিছু না, দুর্দান্ত লোক। আমরা মাত্র কয়েক সপ্তাহ আগে একসাথে বসেছিলাম, যা কিছু কথা বলছিলাম। পরের বার যখন তাকে দেখলাম তখন তাকে আইসিইউতে ভর্তি করা হয়েছিল। আর এটাই ছিল শেষ বার। আমার সারা শরীর অসাড় বোধ করে।",1
91,আপনি যদি আমাকে নতুন বছরগুলিতে বলেছিলেন যে ২০২০ এর 3 মাসের মধ্যে: -কোব ব্রায়ান্ট মারা গেছে - আমরা কভিড -19-এর থেকে পৃথক থাকব-স্কুল এবং খেলাধুলা বন্ধ হয়ে যাবে-টম ব্র্যাডি হ'ল টম্পা বে বুকানির আমি বৈধভাবে ভাবতাম বিশ্বের শেষ ছিল।,1
92,"ইয়া আল্লাহ, আপনি ইতিমধ্যে তাদেরকে বিশ্বজুড়ে আমাদের চেয়ে অনেক বড় পরীক্ষা দিয়েছেন। এটি যদি তাদের নিজের কল্যাণের জন্য হয় তবে তাদেরকে এটির মধ্য দিয়ে যাওয়ার জন্য শক্তি দিন।",0
93,"একদিন, যদি সে চায়, এবং যখন এই সব শেষ হয়, আমি লক্ষ্য নিয়ে তার সাথে আমার ফ্রিকিকগুলি অনুশীলন করতে চাই! আপনি কি মনে করেন?",0
94,থ্রেড: আরও ভাল সময় এবং কার্যকরী অর্থনীতিতে ফিরে আসার দৃ strong় এবং বোধগম্য ইচ্ছা রয়েছে। তবে কারও কাছে এটি হারাতে হবে না যে এতক্ষণে কোভিড -১৯ আমাদের বৃহত্তম শহরগুলিতে অনিয়ন্ত্রিতভাবে ছড়িয়ে পড়েছে ততক্ষণ কার্যক্ষম অর্থনীতি এবং সমাজের মতো কিছুই নেই।,0
95,"মিচ covid-19 বিলে দ্বিপক্ষীয় কাজ পরিত্যাগ করেছিল, তারপরে একটি নো-স্ট্রিং সংযুক্ত কর্পোরেট ব্যালআউট পাস করার চেষ্টা করেছিল যা স্বাস্থ্যসেবা কর্মী, প্রথম প্রতিক্রিয়াকারী এবং শ্রমজীবী ​​পরিবারগুলিকে পর্যাপ্তরূপে সহায়তা করে না। ওয়াল স্ট্রিট নয়, পিপ্পল, @ এসেনেটমজল্ডারের উপর ফোকাস করুন।",1
97,"ইনি আমার মা. তিনি আমার নায়ক। তিনি একজন 60 বছর বয়সী প্রাথমিক যত্ন চিকিত্সক  সিওভিডি 19 এর রোগীদের পরীক্ষা করছেন। তিনি রোগীদের পরীক্ষা করতে, তাদের প্রয়োজনীয় যত্ন নেওয়ার জন্য, এবং আমাদের সম্প্রদায়ের ছড়িয়ে পড়া এবং আমাদের হাসপাতালের অতিরিক্ত চাপ যাতে না দেয় সেজন্য তিনি যা করতে পারেন তার জন্য তিনি তার স্বাস্থ্যকে লাইনে রাখছেন। URL",1
98,ঠিক এক মাস আগে ইতালি তার  করোনভাইরাস প্রথম কেসটি খুঁজে পেয়েছিল। আমি আপনাকে জানাব যে কেবল এক মাসে কী ঘটেছে। আমি আশা করি আপনি আমাদের ভুল থেকে শিখতে পারেন।,1
99,এটি হলেন আরআইটিএমের পরিচালক ড। সেলিয়া কার্লোস যাকে অভিযোগ থেকে অন্যায়ভাবে তাঁর পদ থেকে সরিয়ে দেওয়া হয়েছিল কারণ তিনি লক্ষণযুক্ত রোগীদের তুলনায় অ্যাসিপটোম্যাটিক রাজনীতিবিদ এবং অন্যান্য ভিআইপিদের সিওভিড -১৯ পরীক্ষার প্রক্রিয়াকে অগ্রাধিকার দিতে অস্বীকার করেছিলেন। সম্মান! justicefordrcarlos notoviptesting URL,1
100,"স্পষ্টতই, সেন লফলার কেবল অবৈধভাবে জনসাধারণের তথ্য (অভিযোগ) ব্যবহার করে স্টক ফেলে দেননি, তিনি এই অর্থটি একটি  টেলিভিশন সফটওয়্যার কোম্পানিতে শেয়ার কেনার জন্য ব্যবহার করেছিলেন, অর্থনীতির ধীরে ধীরে ধীরে ধীরে ধীরে ধীরে ক্ষতিগ্রস্ত হয়েছেন।",1
102,"আমি  জাতীয়গুয়ার্ড সেনাবাহিনী দেশব্যাপী কোয়ারানটাইন সমর্থন করে এমন ভিত্তিহীন গুজব শুনি। আমাকে পরিষ্কার করে দিন: এরকম কোনও আলোচনা হয়নি। ...  কোভিড_19 প্রতিক্রিয়া সমর্থন করতে গার্ড আইএস যে দুর্দান্ত কাজ করছে সে সম্পর্কে খবরের জন্য, লিঙ্কটিতে ক্লিক করুন।  covid19 URL",1
103,বন্ধুরা। covid-19 এর কারণে প্রকৃতির নিরাময় এবং বন্যজীবন ফিরে আসা সম্পর্কিত জিনিসগুলি নকল। URL,1
104,"co  covid19 সম্পর্কিত বিপুল পরিমাণ জল্পনা-কল্পনার কারণে, সঠিক তথ্যের জন্য অফিসিয়াল উত্সগুলিতে নির্ভর করা এটি একটি অনুস্মারক। এই পৃষ্ঠাটি ভাগ করে গুজবের বিস্তার নিয়ন্ত্রণে সহায়তা করুন: URL URL",0
105,"ভুল তথ্য, গুজব এবং সত্যিক ত্রুটির জন্য সজাগ থাকুন।  covid19 সম্পর্কে তথ্যের জন্য বিশ্বস্ত উত্সগুলিতে যান! URL",0
106,"এই অনুস্মারক যে দুটি রিপাবলিকান সিনেটর এই সপ্তাহান্তে একটি অভ্যন্তরীণ বাণিজ্য কেলেঙ্কারীতে জড়িত ছিল, ভোটারদের কভিড -১৯ বলার সময় লক্ষ লক্ষ শেয়ার বিক্রি করেছিল তা প্রতারণা ছিল। রিপাবলিকান কেউই পদত্যাগ করেননি।",1
107,ফক্স নিউজ দাবি করেছে যে এটিকে কখনই covid-19 কে ফাঁকিবাজি বলা হয়নি। প্রাপ্তি যাচাই করা যাক। URL,1
108,"মনে রাখবেন সিনেট গোয়েন্দা কমিটির চেয়ারম্যান যখন covid-19-এর বিপদ সম্পর্কে অভ্যন্তরীণ তথ্য শেয়ারের ব্যবসায়ের মাধ্যমে নিজেকে সমৃদ্ধ করেছিলেন, যখন তাঁর দল লোকজনকে বলেছিল যে ট্রাম্পকে পাওয়ার জন্য এটি প্রতারণা কি?",1
110,"জিৎ, যদি কোভিড -১৯ কোনও ছলছানা না হয় তবে জলবায়ু পরিবর্তনও কি তা সম্ভব নয়? আমাদের কি এই সঙ্কট থেকে সম্ভবত কিছু শিখতে হবে, বিজ্ঞানীদের বিশ্বাস করা উচিত এবং পরের বারে সমতল পদক্ষেপ নেওয়া এড়ানো উচিত?",0
111,"স্থানীয় সময়  ওহানে আজ রাত আটটায়। দেখুন কত লাইট আছে? কেউ নম্বর জাল করতে পারে, তবে কয়েকটি সংখ্যক অ্যাপার্টমেন্ট এখনও জ্বালিয়ে দেওয়া হয়েছে এমন সত্যটি জাল করতে পারে না। মানুষ কোথায় গেছে? ccpvirus  covid19on coronavirus URL",0
112,এটা অবিশ্বাস্য. বরিস জনসনের অবশেষে শাটডাউন বার এবং রেস্তোঁরা বন্ধ করার জন্য ইউকে সীমান্ত বন্ধ করার জন্য ম্যাক্রনের হুমকি নিয়েছে বলে জানা গেছে। এলিসি যুক্তরাজ্যের নীতিটিকে 'সৌম্য অবহেলা' হিসাবে উল্লেখ করে। নেতৃত্বের এই ব্যর্থতা জীবন ব্যয় করে।,1
113,কোপিড -১৯ এর প্রাদুর্ভাবের সময় জিওপি যে কাজগুলি করেছে: - অবৈধভাবে শেয়ারিত শেয়ার - এটি একটি ছদ্মবেশ বলে - এটি চীনকে দোষ দিয়েছে - শর্ত ছাড়াই বড় ব্যবসায়ের ব্যয় আউট করার চেষ্টা করেছে: - শ্রমিকদের সহায়তা করুন - ছোট ব্যবসায়ে সহায়তা করুন - উত্পাদিত পর্যাপ্ত পরীক্ষা বা ভেন্টিলেটর,1
114,"breaking: @ এমবুহরির চিফ অফ স্টাফ, আব্বা কিয়ারী, কথিত অসুস্থ, চুক্তিতে সন্দেহযুক্ত  করোনভাইরাস | সাহারা রিপোর্টার্স একটি শীর্ষ সরকারী সূত্র সোমবার এসআরকে বলেছে যে বিদেশ সফর থেকে ফিরে আসার পর থেকে কিয়রি গুরুতরভাবে ""ডাউন"" রয়েছেন। আরও পড়ুন: URL URL",1
115,3/16: রন পল করোনাকে ফাঁকিবাজি বলার নিবন্ধ প্রকাশ করেছে 3/22: রন পলের পুত্র করোনার জন্য ইতিবাচক পরীক্ষা করেছে URL,1
116,"গুজব  করোনভাইরাস থেকে কম সংক্রামক হয় না! এটিকে দেখতে খুব সাবধানী তালিকার মতো তবে একটি জালও! দয়া করে মনে রাখবেন যে @cpmumbaipolice দ্বারা এরকম কোনও দিকনির্দেশ দেওয়া হয়নি। কোনও সন্দেহের ক্ষেত্রে, দয়া করে  ডায়াল 100 বা আমাদের কাছে টুইট করুন!  টেকিংঅনকোরোনা URL",0
117,"আমরা যেমন উইকএন্ডে দেখেছি, ডিসিএনফো অনলাইনে একটি অনুমিত জাতীয় লকডাউন এবং গ্রাউন্ডিং ফ্লাইটগুলি সম্পর্কে প্রচার করা হচ্ছে। গুজব নিয়ে সংশয়ী হোন। আপনি বৈধ উত্স থেকে তথ্য পাচ্ছেন তা নিশ্চিত করুন। @ হোয়াইটহাউস প্রতিদিনের ব্রিফিংগুলি ধারণ করছে এবং @ সিডিসিগোভ সর্বশেষতম সরবরাহ করছে।",1
118,"। @ রিয়েলডোনাল্ড ট্রাম্প, প্রিয় প্রভু — দয়া করে পদত্যাগ করুন এবং নেতা হোন। আপনি যখন ফাঁকিবাজি এবং জাল খবরগুলি নিয়ে ঝাঁপিয়ে পড়েছেন, covid-19 মহামারীটি পুরো আমেরিকা জুড়ে এসেছে। @ গুভপ্রিটজার এবং অন্যান্যরা এই দেশের নেতৃত্বের শূন্যস্থান পূরণ করেছে। নেতৃত্ব দিন বা তাদের পথে চলে যান।",1
119,"দুঃখিত, এই সব ""প্রতারণা"" বলে আর ফিরে আসেনি। আমি ""স্বর পরিবর্তন"", """" হৃদয় পরিবর্তন, ""কিছুই"" সম্পর্কে কোন ধাক্কা দেয় না। আপনি মুঠা fuckers একটি গুরুতর পরিস্থিতি গ্রহণ এবং কেবল একটি ধর্মান্ধতা রক্ষার জন্য সমস্ত বিপন্ন। তোমাকে চুদব। দুঃখিত না. করোনাভাইরাস",0
120,"গতকাল রাতে উত্তর দিল্লির বিজয় নগর এলাকায় মণিপুরের এক মহিলাকে ঝাঁকুনি দিয়ে তাকে ""করোন"" বলে অভিযুক্ত ব্যক্তির বিরুদ্ধে দিল্লি পুলিশ ভারতীয় দণ্ডবিধির ৫০৯ ধারায় মামলা করেছে। URL",1
121,"ভুয়া খবর প্যাডলার ধ্রুব রাথি বলেছিলেন: ""করোনার ভাইরাস চীনের বাইরে ছড়াবে না, আমাদের চিন্তার দরকার নেই"" এই লোকটি কি কখনও বুদ্ধিমান কিছু বলেছে? URL",1
122,কানবোতে  covid19 এর একটি ঘটনা সম্পর্কে প্রচারিত এই ফটোটি মিথ্যা হিসাবে অভিযোগ করা হয়েছে এই চিত্রটি ভয় এবং আতঙ্ক ছড়ানোর জন্য ডক্টর করা হয়েছে নিশ্চিত হওয়া মামলার বিবরণগুলি URL factsnotfear  covid19 নাইজেরিয়া URL এর মাধ্যমে পাওয়া যাবে : //t.co/hq9ddl9n9s,1
123,"সেন। র্যান্ড পল, যে ব্যক্তি  করোন ভাইরাস ত্রাণ বিলের বিরোধিতা করেছিলেন এবং অসুস্থ ছুটি দিয়েছিলেন, তিনি 22 মার্চ ইতিবাচক পরীক্ষা করেছিলেন এবং তিনি তার পিতা অসুস্থ হয়ে পড়েন, এবং প্রাক্তন কংগ্রেস সদস্য, রন পল, ""করোনাভাইরাস হাক্স"" শীর্ষক একটি প্রবন্ধ প্রকাশ করেছিলেন। মার্চ 17. ভণ্ডামি মূল থেকে সংক্রামিত হয় URL",1
124,"কখনই ভুলে যাবেন না .. যখন ভারত করোনার সাথে লড়াই করছিল, কবে কংগ্রেস প্রচারের জন্য আতঙ্ক তৈরি করতে @ভিনোদকাপ্রির মতো শূকরগুলি ফেক নিউজ ভাগ করে নিচ্ছিল। পিপিই এর কোনও অভাব নেই। আসাম মেডিকেল কলেজের শিক্ষার্থীরা পিপিই পরীক্ষা করছিলেন যে অভাব দেখা দিলে কী ব্যবহার করা যায়। URL",1
125,ফক্স নিউজ তাদের দর্শকদের ঝুঁকির মধ্যে ফেলে তাদের বিশ্বাস করে যে covid-19 মহামারীটি একটি প্রতারণা। এই দর্শকরা তখন পুরো মার্কিন জনসংখ্যাকে ঝুঁকির মধ্যে ফেলে এবং অনেক লোক প্রাণ হারিয়েছে। ফক্স নিউজকে দায়বদ্ধ করার জন্য একটি শ্রেণিবদ্ধ মামলা মোকদ্দমার মুখোমুখি হওয়া উচিত। foxclassaction,0
126,"এটি কোনও ষড়যন্ত্রের টুইট নয় তবে আমি সত্যিই মনে করি covid-19 কিছুক্ষণ এখানে আমেরিকাতে এসেছিল। আপনি ছেলেরা কি জানবেন যে ছুটির দিনে / জানুয়ারীর প্রথম দিকে সবাই কতটা অসুস্থ ছিল? এবং সবাই কীভাবে বলছিল যে তাদের ""ফ্লু"" আছে এবং ফ্লু শটটি ""কাজ করে না""?",0
127,ফক্স নিউজ দাবি করেছে যে এটিকে কখনই covid-19 কে ফাঁকিবাজি বলা হয়নি। প্রাপ্তি যাচাই করা যাক। URL,1
129,শিকাগোর বাইরে এখনই,0
130,"করোনাভাইরাস: অল্টনিউজের প্রতিষ্ঠাতা, শেখর গুপ্তা এবং অন্যরা একটি জাল টুইটার অ্যাকাউন্টের মাধ্যমে যাচাই করা দাবি ছড়িয়ে দিয়েছে URL",1
131,তথ্য মন্ত্রণালয়ের একটি বার্তা “জেনারেল পাবলিককে হোয়াটসঅ্যাপে প্রচারিত যে কোনও ভয়েস নোটকে উপেক্ষা করার জন্য অনুরোধ করা হয়েছে যে একটি হেলিকপ্টার রাত ১১ টা নাগাদ সারা জাতির জুড়ে‘ অ্যান্টিভাইরাস ’স্প্রে করবে। এই সংবাদটি নকল এবং এটি সম্পূর্ণরূপে উপেক্ষা করা উচিত। আরটি  covid19,1
134,চীনা কমিউনিস্ট পার্টি রাজনৈতিক উদ্দেশ্যে বিশ্ব থেকে  covid19 প্রাদুর্ভাব সম্পর্কে তথ্যকে দমন করেছে। জবাবদিহিতা নেওয়ার পরিবর্তে তারা সক্রিয়ভাবে মার্কিন যুক্তরাষ্ট্রের বিরুদ্ধে ষড়যন্ত্র তত্ত্ব প্রচার প্রচার চালাচ্ছে। ।: @axios / @hbo URL,1
135,শীর্ষ  covid19 - ফেসপ্যাম ডক্টর নামিরা 1 ডাঃ এইচটি ওঙ্গ. কার্ডিওলজিস্ট পেনাং। সিটি কাউন্সিলের বিরোধীরা সময়ের জন্য এমসিও 2 অনুশীলনের জন্য ডাঃ অ্যাডাম। মারার জন্য গরম জল পান করুন। জাল তথ্য। সিউডোসায়েন্স মিথ্যা আশ্বাস 3 ওসমান ডা। পরীক্ষা প্রত্যাখ্যান। চলমান তালিকা URL তার চারপাশের সবাইকে সংক্রামিত করুন,0
136,[কোনও একক টুইটের সাথে বিশদ দিয়ে আবার টুইট করা যাতে কোনও বিপদাশঙ্কা নেই] কেবলমাত্র: ৩৮-বছর-বয়সী  কোভিড ১৯ পজিটিভ লোক পাটনায় মারা গেছেন। কিডনিতে মারাত্মক সমস্যা রয়েছে যা কাতার থেকে ফিরে আসার পরেই রেনাল ব্যর্থ হতে দেয়। প্রবীণ নাগরিক নন এমন একজনের মৃত্যুকে এটি প্রথম ‘ভাইরাস-সংযুক্ত’ করে তোলে।,1
138," ফেকনিউজ প্লেবুক। কিউ পোস্টের উপরে ""মিথ্যা"" শব্দটি বড় বেগুনি বর্ণগুলিতে রাখুন যাতে স্পষ্টভাবে বোঝা যায় যে  কোভিড 19 মহামারীটি কোনও দুর্ঘটনা হতে পারে না, এই আশায় যে ট্রাম্প যেভাবে ক্ষতিগ্রস্থ করেছেন তার সমস্ত উপায় জনসাধারণ দেখতে পাবেন না। URL",0
139,"""কেউ আমার কাছে যেতে চায় না।"" নাইজেরিয়া তার প্রথম ইতিবাচক  covid19 কেস রেকর্ড করার পরে, একটি গল্প সোশ্যাল মিডিয়ায় ভাইরাল হয়েছিল। এটি দাবি করেছে যে রোগীর ট্যাক্সি ড্রাইভার রোগ ছড়িয়ে না দেওয়ার জন্য অর্থ দাবি করছেন। গল্পটি নকল ছিল, তবে জুডের উপর প্রভাবটি খুব বাস্তব ছিল। URL",1
141,আমি ভাবতে শুরু করছিলাম করোনাভাইরাস ভয়-অভিজাত করা আসলেই উদ্বিগ্ন হওয়ার মতো কিছু। তারপরে পেলোসির এই পদক্ষেপটি ঘটেছিল এবং এটি সমস্ত আবার স্পষ্ট হয়ে যায়। covid-19 একটি প্রতারণা।,1
142,"ট্রাম্পের করোনার সংকট পরিচালনা করার সময়রেখা: এক মাস আগে: এটি একটি প্রতারণা। উপচে পড়া দুই সপ্তাহ আগে: এটি গুরুতর। এর বিস্তার রোধ করতে আমাদের অবশ্যই পদক্ষেপ নিতে হবে। এই সপ্তাহে: দ্বিতীয় মুহুর্তে আহ, সম্ভবত এক মিলিয়ন বা তার বেশি আমেরিকান মারা যাচ্ছে * যে খারাপ নয়",1
144," covid19 আক্রান্ত রোগীদের হালকা থেকে গুরুতর শ্বাসযন্ত্রের অসুস্থতা রয়েছে বলে জানা গেছে। লক্ষণগুলির মধ্যে রয়েছে জ্বর, কাশি বা শ্বাসকষ্ট। covid-19 উপসর্গ সম্পর্কে আরও জানুন: URL URL",1
145,হাঙ্গেরিয়ান বিচারপতি মিন। @ জুডিত ভার্গা_ইউ সংসদে বিল পাঠায়: - জরুরী অবস্থা ২০২০ সালের শেষ হওয়া পর্যন্ত - ডিক্রির মাধ্যমে বিধি-বিধান - সংসদ স্থগিত - কোনও তাত্পর্যপূর্ণ নির্বাচন / গণভোট নয় - জাল খবর এবং গুজব ছড়িয়ে পাঁচ বছরের কারাদন্ডে দণ্ডনীয়  covid19 URL // t। কো / 1qjalakp6j,1
147,"লজ্জাজনক যে আপনার খ্যাতির একজন ব্যক্তি ভারত এবং এর traditionsতিহ্যের প্রতি অন্ধ ঘৃণা করে ভুয়া সংবাদ / গুজব ছড়ায়। শ্রদ্ধার নিদর্শন হিসাবে ভারত প্রধানমন্ত্রী, নরেন্দ্রমোড়ির ডাকের ডাক্তার, স্বাস্থ্য এবং জরুরী কর্মীদের প্রশংসা করার জন্য বারান্দায় উঠে এসেছিল। অন্য কোন কারণ ছিল না। ফ্যাক্ট চেক?",1
150,"আমার জালিয়াতির সতর্কতাটি আজ সকালে প্রকাশিত হয়েছে, দয়া করে পড়ুন এবং ভাগ করুন - ফ্র্যাঙ্ক ফিগলিউজি: করোনাভাইরাস কেলেঙ্কারী সতর্কতা: জাল স্টারবাক্স কুপন থেকে করদাতাদের জালিয়াতি পর্যন্ত কনসটি ভাইরাল হয়ে উঠছে @ এনবিসি নিউজথিনকে @ এমএসএনবিসি  করোনভাইরাস URL",1
151,একটি অনলাইন ওয়েবসাইট ভ্রান্তভাবে জানিয়েছে যে  কোভিড ১৯ দ্বারা সৃষ্ট সঙ্কট মোকাবেলায় সরকার ভারতে আর্থিক জরুরি অবস্থা জারি করতে পারে। দয়া করে পরামর্শ দিন যে গল্পটি দূষিত এবং জাল এবং এরকম কোনও পরিকল্পনা নেই। URL,1
152,"""চীন এবং ডব্লিউএইচওর প্রধান: তাদের উভয়কেই মহামারী হিসাবে জবাবদিহি করুন"": কীভাবে @who প্রধান @ ডিডিট্রোস অভিযোগ করেছেন যে কীভাবে চীনা প্রেসিডেন্ট  শি জিনপিং জানুয়ারিতে সপ্তাহের জন্য  সিভিআইডি 19 এর পুরো পরিধি গোপনে সহায়তা করেছিলেন, বিশ্বব্যাপী বিপর্যয় সৃষ্টি করেছিল। পড়ুন! URL",1
153,এক মিলিয়ন দিরহাম জরিমানা। সামাজিক যোগাযোগ মাধ্যম বা হোয়াটসঅ্যাপে  করোনো ভাইরাস সম্পর্কে কোনও অবিশ্বস্ত বা  ফেকনিউজ ভাগ করে নেওয়ার জন্য  ইউএই থেকে 5 বছরের জেল এবং নির্বাসন এবং আজীবনের নিষেধাজ্ঞা।  ইউএই সরকার এই মহামারীটির সময় আমি সবচেয়ে সেরা ঘোষণাটি শুনেছি। আমরা কি  পাকিস্তানে এটি করতে পারি?,1
154,এখনও অবধি আমি আমার কাছে 2 পিপিএল জানি যা করোনার জন্য ইতিবাচক পরীক্ষা করেছে। দুজনই হাসপাতালে নিউমোনিয়া থেকে সুস্থ হয়ে উঠছেন। এটি কোনও খেলা বা ষড়যন্ত্র নয়। পিপিএল এর শুভকামনা ইত্যাদির দরকার নেই ... তাদের ঘরে থাকা আপনার দরকার,1
155, ফেকনিউজ সতর্কতা  পিআইবিফ্যাক্ট চেক: প্যারাসিটামল  করোন ভাইরাস সংক্রমণের চিকিত্সা করতে পারে এমন দাবি মিথ্যা!  কোভিড ১৯ ইন্ডিয়াতে  মিথ্যা প্রতিকারগুলি ভাগ করা থেকে সাবধান থাকুন।  coronavirusinindia সম্পর্কিত খাঁটি তথ্যের জন্য অনুসরণ করুন,1
156,"কভিড -১৯ উদ্বেগের জের ধরে কারাগারের প্রথম দিকে মুক্তি দেওয়া হয়েছিল বলে অভিযোগ করা হয়েছে যে তিনি মহিলার বাড়িতে প্রবেশ করেছিলেন, তাকে নাইটপয়েন্টে বেঁধে রেখেছিলেন এবং হত্যার হুমকি দিয়েছেন URL",1
157, করোনো ভাইরাস ফ্যাক্ট চেক হপ চালু আছে এবং আরটি যদি আপনি ডিজেটি সমর্থন @ রিয়েলডোনাল্ড ট্রাম্প আরটি এই টুইটটি your আপনার হ্যান্ডেল সহ কমেন্ট করুন যারা মন্তব্য করেন তাদের অনুসরণ করুন বুকমার্ক / ফিরে আসুন অনুসরণ করুন @ ভ্যানারসে 1212  করোনভিপাস_পেকিউমেসেক  //t.co/neazarxgzr,0
158,"নমস্করম, এই বার্তা সদ্‌গুরুর নয়। এটি হোয়াটসঅ্যাপে প্রচারিত একটি নকল বার্তা। আমরা আপনাকে এই টুইটগুলি মুছে ফেলার জন্য অনুরোধ করছি।",1
159,"খবর হ'ল জানুয়ারী থেকে শ্রেণিবদ্ধ সুরক্ষা ব্রিফিং ট্রাম্পকে জানিয়েছিল যে একটি মহামারী আসছে। ট্রাম্প কিছুই করেননি, আমাদের বলেছিলেন এটি একটি ""ডেমোক্র্যাট হ্যাক্স"" এবং পনেরোটি মামলা শীঘ্রই কোনও হবে না। থ্রেড। coronavirus trumppandemic trumpliespeopledie URL",1
160,"ট্রাম্পের সিদ্ধান্তহীন নয় এবং  covid19 কে একটি ""ছলনা"" বলার সিদ্ধান্ত অযথাই লক্ষ লক্ষ ব্যক্তিকে উন্মোচিত করেছে যারা সঠিকভাবে সচেতন হলে ব্যবস্থা গ্রহণ করতে পারে। রক্তের এমন একটি নদী থাকবে যা ট্রাম্পের ক্ষুদ্র হাতকে চিরকাল দাগ দেবে।",1
161,"ট্রাম্প বলেছেন  করোনভাইরাসকে আমরা ""প্রথম দিকে""। 2/26 ""15 দিনের মধ্যে 15 জন (লোক) নীচে নেমে যাচ্ছে 0"" 2/28 ""একদিন, এটি একটি অলৌকিক ঘটনা, এটি অদৃশ্য হয়ে যাবে"" 2/28 ""এটি তাদের নতুন প্রতারণা"" 3/12 ""এটি চলে যাচ্ছে"" হ্যাঁ। আমরা খুব তাড়াতাড়ি ছিলাম",1
163,ম্যাডো - যে মহিলা 4 বছর ধরে মিথ্যা এবং বন্য ষড়যন্ত্রের তত্ত্বগুলি প্যাড করেছেন - ট্রাম্পকে তার covid-19 প্রেসারদের জিরো স্ব-সচেতনতা বন্ধ করার জন্য আহ্বান জানাচ্ছেন। URL,1
165,"এটিকে উদারপন্থী গণমাধ্যমে একটি প্রেসিডেন্সিয়াল হাততালি বলা হয়। রাষ্ট্রপতি @ রিয়েলডোনাল্ড ট্রাম্প বলেছেন আমেরিকান জনগণ এই মিডিয়া সংবেদনশীলতা নয়, আশা এবং উত্তর খুঁজছেন! এই  করোনভাইরাস চলাকালীন আমেরিকান জনগণের পক্ষে লড়াই করার জন্য আপনাকে ধন্যবাদ।  ফেকনিউজ URL এ লড়াই করুন",1
166,"আমি পুনরায় বলছি ... চীন 2019 এর ডিসি-তে নিউ করোনার ভাইরাস সম্পর্কে ডাব্লুএইচওকে সতর্ক করেছে ... মার্কিন রাষ্ট্রপতি প্রায় 10 দিন আগে পর্যন্ত এটি ""hoax"" হিসাবে অভিহিত করেছেন !!!",1
167, করোনভাইরাসটিতে ভুল তথ্য /  ফেকনিউজকে নিয়ন্ত্রণে ভারত সরকার সমস্ত সোশ্যাল মিডিয়া প্ল্যাটফর্মগুলিতে পরামর্শ প্রদান করে। যেহেতু  ইন্ডিয়াফাইটসকোর্না  করোনোওয়ারিয়ার্সের লিগে যোগ দিয়েছে একটি সন্দেহজনক ফরোয়ার্ডকে  ফেক:  আমাদের হোয়াটসঅ্যাপ: +91 87997 11259 | p- pibfactcheck@gmail.com URL,1
168,"আমরা গুজব পছন্দ করি না। দয়া করে এগুলি ছড়িয়ে দেবেন না। যদি আপনি লোকদের বলছেন যে নাট। গার্ড সামরিক আইন চাপাতে চলেছে, দয়া করে থামুন। এটা সত্য নয়. তারা চিকিত্সা সরবরাহ বিতরণ সাহায্য ব্যস্ত হয়। অনুগ্রহ করে এবং ধন্যবাদ.  covid19 kckpd commonsense  norurors URL",1
169,কংগ্রেস জেনারেল সিকি এমএস @ প্রিয়ঙ্কাগন্ধি মানুষকে আতঙ্কিত না হতে বলে; জাল খবর ছড়িয়ে দেবেন না; সাবধানতা অবলম্বন করুন এবং হাত ধোয়া ...  করোনার URL,1
170,"আমি এএমওসিএতে 14 ই মার্চ একো হোটেলে অংশ নিয়েছি। এমনকি পার্টি পরে। গুজব শুরু হওয়ার একদিন পর আমি নিজেকে আলাদা করে নেওয়ার সিদ্ধান্ত নিয়েছি, ভোর সকাল আমার ঘরে প্রতিদিন সকালে ওয়ার্ক আউট হয়। আমি 14 দিনের বিচ্ছিন্নতা কালকে মান্য করেছি। 9 দিন এখন। ভালবাসা এবং হালকা বলছি। ।  কোভিড 19 আউট",1
171,রসুন সুস্বাদু হতে পারে তবে এটি আপনাকে নতুন  করোনভাইরাস থেকে রক্ষা করবে না। গুজব ছড়াবেন না।  covid19 এর বিরুদ্ধে লড়াইও ডিসিনোফর্মেশনের বিরুদ্ধে লড়াই। shareinifications shareknowledge stayathomechallenge URL,1
172,"নাইজেরিয়ার শাসক শ্রেণীর জন্য আমি কখনও আমার ঘৃণা ও ঘৃণা গোপন করি নি। আমি এখনই ভুয়া সহানুভূতি দিয়ে শুরু করব না, তাদের চেয়ে বেশি কী আসবে তা পাওয়ার যোগ্য কেউ নেই। আমি আশা করি করোনার ভাইরাস পুরোপুরি কাজ করবে।",0
173,"ফ্লু সিজন নিম্নমুখী হচ্ছে এবং উষ্ণ আবহাওয়া ফিরছে। বিশেষজ্ঞরা পূর্বাভাস দিয়েছেন 70% আমেরিকান  covid19 এ সংক্রামিত হবে। সক্রিয় .005% ছিল। এটি খুব মিস করেছেন।  ফয়ারপর্ন, এটি নতুন  ফেকনিউজ।",1
174,"@ এওসি-র মিথ্যা সংশোধন করতে ব্যর্থ হওয়ার পরে যে প্রেসিডেন্ট ট্রাম্প  করোনভাইরাসকে ""প্রতারণা"" বলেছেন, @ সিএনএন-এর জ্যাক টাপার স্বীকার করেছেন যে তিনি জানেন যে ""রাষ্ট্রপতি ভাইরাসটিকে প্রতারণা করেননি।"" আজ @ টমফ্রিডম্যান একই মিথ্যা পুনরাবৃত্তি করেছে। টেপার তাকে সংশোধন করেনি। URL  ফ্যাক্টস ফার্স্ট URL",1
175,"যদি আমাদের ""নেতারা"" না চান যে লোকেরা বিশ্বাস করতে শুরু করে যে এটি সমস্ত ধোঁকা, তারা সর্বোত্তমভাবে এটি দিয়ে রাজনীতি করা বন্ধ করে দেয়। বাস্তব বিশ্বের ধৈর্য এবং বিশ্বাস পাতলা পরা হয়। @ স্পিকারপেলোসি @ সিনেটডেমস  চিনিজ ভাইরাস  covid19  করোনভাইরাস",0
176,"এই লোকটি মিথ্যা ও ভুয়া খবর ছড়াচ্ছে। প্রিয় দায়ী মালয়েশিয়ানরা, দয়া করে তাকে URL এ প্রতিবেদন করুন। ধন্যবাদ.",1
177,চীনা কমিউনিস্ট শাসনকর্তার সিনিয়র প্রচারক আরও ষড়যন্ত্র তত্ত্ব ছড়িয়ে দিয়েছেন। একই ডিকহেড যিনি বলেছিলেন ভাইরাসটির উৎপত্তি মার্কিন যুক্তরাষ্ট্রে। চীনে টুইটার নিষিদ্ধ থাকা সত্ত্বেও টুইটার চীনা সরকার কর্মকর্তাদের তাদের প্ল্যাটফর্মে অনুমতি দেয়।,1
178,তাকে সংশোধন করুন এবং চুপ করুন কারণ আপনি তাকে গ্রেপ্তার করতে পারবেন না !!! এই প্ল্যাটফর্মে আপনি কতগুলি গুজব ছড়িয়েছেন। তুমি কে?,0
179,"বিহারে প্রথম কভিড -১৯ এর মৃত্যুর খবর পাওয়া গেছে: কাতারে ভ্রমণের ইতিহাসের 38 বছর বয়সী এক ব্যক্তি পাটনার এইমস এ মারা গেছেন, হাসপাতালের কর্মকর্তা বলেছেন",1
180,"বিহার: ৩৩ বছর বয়সী এই ব্যক্তি যিনি পাটনার এইমস-এ ইন্তেকাল করেছেন এবং  covid19 এর জন্য ইতিবাচক পরীক্ষা করেছেন, তার কাতারে বিদেশ ভ্রমণ ছিল।",1
181," কাতর হাজারো মানুষের জন্য একটি হাসপাতাল প্রস্তুত করতে অস্বীকার করেছেন  করোনো ভাইরাস সংক্রামিত অভিবাসী শ্রমিকদের এর মাটিতে, পরিবর্তে, তাদের বিনা চিকিৎসায় বিনা পশুর আশ্রয়কেন্দ্রে আটকে রেখেছে! অভিবাসী শ্রমিকরা দাস নয়, তাদের অধিকার আছে! চুপ থাকার জন্য  হিউম্যানআরাইটস অর্গজেস!",1
182,"নতুন  সিসিডক্রভ্যালনোটিকস:  কভিড ১৯ রোমানিয়া, কাতার, সিঙ্গাপুর, সৌদি আরব, ফিলিপাইন, ইকুয়েডর, দক্ষিণ আফ্রিকা, ইন্দোনেশিয়া এবং ভারতে। এই অঞ্চলগুলিতে সমস্ত অযৌক্তিক ভ্রমণ এড়িয়ে চলুন। আরও তথ্য: URL URL",1
184,বিহারে প্রথম করোনার মৃত্যু। ৩৮ বছর বয়সী সাইফ আলি গত রাতে পাটনার এইমস শহরে মারা যান। কিছুদিন আগে তিনি কাতার থেকে ফিরে এসেছিলেন।,1
185,বিহার:  করোনাভাইরাসের কারণে 38 বছর বয়সী এক ব্যক্তি এইমস পাটনায় মারা গিয়েছিলেন। তিনি কাতার থেকে ফিরে এসে 20 মার্চ হাসপাতালে ভর্তি হয়েছিলেন।  করোনো ভাইরাস আপডেট URL,1
186,রুয়ান্ডা 17 টি নতুন covid-19 কে মোট 36 টির মধ্যে আনার বিষয়টি নিশ্চিত করেছে dubai কেনিয়া থেকে 3 জন ভ্রমণকারী। মার্কিন যুক্তরাষ্ট্র থেকে 3 জন ভ্রমণকারী। কাতার থেকে 1 জন ভ্রমণকারী। ভারত থেকে 1 জন ভ্রমণকারী। পূর্ববর্তী মামলার 1 টি যোগাযোগ URL,1
187,এগুলি হ'ল বিশ্বকাপের ২০২২ কর্মীরা কাতারের শোচনীয় পরিস্থিতিতে কোয়ারান্টেড .. এটি অমানবিক .. @ ফিফাকম কি এই অপরাধটিকে মেনে নিয়েছে? @fifaworldcup @fifaworldcup_fr @easportsfifa @eififadirect @fifamedia @fifacom_fr coronavirus  কোভিড_19 URL,1
188,"অ্যামনেস্টি বলেছে যে কাতার ক্যারান @ ফিফা ওয়ার্ল্ডকুপের মতো প্রকল্পে কাজ করে  করোনভাইরাসটিতে আক্রান্ত শ্রমিকদের জন্য হাসপাতাল তৈরি করতে অস্বীকৃতি জানিয়েছে। অ্যামনেস্টি ""শ্রম শিবির"" এর ভিতরে কাতারের শ্রমিকদের বসবাসের অনেকগুলি ঘটনা নিশ্চিত করেছেন। আমি এই দিন আগে সম্পর্কে সতর্ক করেছিলাম।  কোরোনভাইরাস @ ফিফা কমমের হাতে রক্ত ​​রয়েছে",1
189,@ ভিসেনিউজের জন্য ইতালির প্রাদুর্ভাবের কেন্দ্রস্থল মিলানে  করোনভাইরাস এবং লম্বার্ডি-র প্রতিবেদন করার পরে আমি জেএফকে পৌঁছেছি। আমি মার্কিন কাস্টমস দিয়ে ডান হাঁটা। তারা আমাকে জিজ্ঞাসা করেনি আমি ইতালি কোথায় গিয়েছি বা আমি অসুস্থ মানুষের সংস্পর্শে এসেছি কিনা। তারা আমাকে কিছুই জিজ্ঞাসা করেনি।,1
190,"অ্যালার্ট‼ ‼ ‼ টাকার মাধ্যমে করোনার ভাইরাস ছড়িয়ে যেতে পারে। আপনার যদি বাড়িতে কোনও টাকা থাকে তবে কিছু গ্লোভস লাগান, সমস্ত টাকা একটি প্লাস্টিকের ব্যাগে রেখে দিন এবং আজ রাতে সামনের দরজার বাইরে রেখে দিন। আমি আজ রাতে সমস্ত প্লাস্টিকের ব্যাগগুলি সুরক্ষার জন্য সংগ্রহ করছি। আপনার স্বাস্থ্য সম্পর্কে চিন্তা করুন।",1
191,covid-19 স্বাস্থ্য পরামর্শ URL,0
192,"hচিনি চিকিত্সকরা বলছেন যে  করোনভাইরাস আক্রান্তদের ময়নাতদন্তগুলি পরামর্শ দেয় যে  সিওভিড 19 ""# এসএআরএস এবং  এইডসের সংমিশ্রণের মতো কারণ এটি ফুসফুস এবং প্রতিরোধ ক্ষমতা উভয়কেই ক্ষতি করে,"" এবং রোগী বেঁচে থাকলেও ""অপরিবর্তনীয়"" ফুসফুসের ক্ষতির কারণ হতে পারে। @ থেস্পাইব্রিফ URL",1
193,। @ ন্যাশনালনার্সের রাষ্ট্রপতি দেবোরা বার্গার আমাদের ক্যারাওটেইন্ডড  নুরেন্সের একজন যারা একটি উত্তর ক্যালিফোর্নিয়া কায়সার সুবিধায় কাজ করেন তার একটি প্রকাশ্য বিবৃতি পড়েছিলেন। পূর্ণ বিবৃতি URL  covid19 @ ওয়ার্কসএফসিএ URL,0
194,কি দারুন. সিওলের পশ্চিমে ইনচিয়নে এক ব্যক্তি - যিনি  করোনভাইরাসকে চুক্তি করেছিলেন - তিনি গত 25 দিন ধরে তার লক্ষণগুলি এবং ক্রিয়াকলাপগুলি নথিভুক্ত করেছেন যেহেতু তিনি 38 টি পৃষ্ঠায় লক্ষণটি বিশদভাবে অনুভব করেছেন। তিনি বাড়িতে মুখোশ এবং গ্লোভস পরেছিলেন এবং সমস্ত 23 ঘনিষ্ঠ যোগাযোগ ভাইরাসের জন্য নেতিবাচক পরীক্ষিত হয়েছিল। URL,1
195,সুতরাং করোন ভাইরাস আপনার চীনার খাবার এন ট্র্যাভেলিং থেকে থামছে তবে এইচআইভি আপনার বাধা দেয় না raw URL,0
196,মিস করোনার আপনার আরও একটি কাজ করতে হবে,0
197,"অ্যালার্ট‼ ‼ ‼ করোনার ভাইরাসটি আন্তর্জাতিকভাবে ছাপা অ্যালবামগুলির মাধ্যমে ছড়িয়ে যেতে পারে। আপনার যদি বাড়িতে কোনও অ্যালবাম থাকে তবে কিছু গ্লোভস লাগান, সমস্ত অ্যালবামগুলিকে একটি বাক্সে রেখে আজ রাতে সামনের দরজার বাইরে রাখুন। সুরক্ষার জন্য আমি আজ রাতে সমস্ত বাক্স সংগ্রহ করছি। আপনার স্বাস্থ্য সম্পর্কে চিন্তা করুন।",1
198,কত লোকের  করোনভাইরাস পরীক্ষা হোয়াইট হাউসে একটি টেনিস মণ্ডপ তৈরির ব্যয় দ্বারা আচ্ছাদিত হতে পারে?,0
199,"এটি মারাত্মক মারাত্মক: আজ সকালে করোন-ভাইরাস নিয়ে কথা বলতে গিয়ে ট্রাম্প বলেছিলেন, 'আমরা এটি বন্ধ করে দিয়েছি। আমরা এটা বন্ধ করে দিয়েছি। ' এক সপ্তাহ আগে মার্কিন যুক্তরাষ্ট্রে 15 টি নিশ্চিত মামলা হয়েছে। আজ 233 জন আছে। ট্রাম্পের ইনকাম্পেটেন্স কিলস এক সপ্তাহে * 5,000 * থাকবে। URL",1
200,@ রিয়েলডোনাল্ড ট্রাম্প প্রশাসনের লোকদের অব্যাহত বিশাল পরীক্ষার ঘাটতির জন্য পদত্যাগ করা দরকার। @ পটাস জানুয়ারিতে  কোভিড_19 সম্পর্কে জানতেন। এবং  করোন ভাইরাস ছড়িয়ে দেওয়ার জন্য প্রয়োজনীয় একটি জিনিস করতে ব্যর্থ হন: এটি পরীক্ষা করার জন্য যাতে আমরা এটি ধারণ করতে পারি।,1
202,2014 সালে আপনি মলিটির জন্য যে মিথটি ভুল করেছিলেন সেগুলি হ'ল করোনার ভাইরাস ভ্যাকসিন,1
203,দাদার জন্য আড্ডায় একটি এফ আসুন,0
205,"@ সিএনবিসি-রিক সান্টেলি কেবল যুক্তি দিয়েছিলেন যে সবাই যদি এখনই  করোনভাইরাস পেয়ে যায় এবং বিশ্বের ২% মারা যায়, যাতে আর্থিক বাজারগুলি স্থিতিশীল হতে পারে। রিক রিপাবলিকানদের পছন্দ করেন, রিকের মতো হবেন না। এটি ভাইরাল হওয়া উচিত। votebluetosaveamerica URL",1
206,"এইচএইচএসের সহকারী সচিব অ্যাডমাম ব্রেট গিরোয়ার বলেছেন, 'covid-19 এর সামগ্রিক মৃত্যুর হারের এখনকার সেরা অনুমান কোথাও 0.1% থেকে 1% এর মধ্যে। 'আপনি অনেক প্রতিবেদনে শুনেছেন এর চেয়ে কম এটি ... এটি 2 থেকে 3% এর মধ্যে হতে পারে না ""URL",1
207,এনওয়াইসিতে কোনও এশিয়ান সংক্রামিত হওয়ার একটিও নিশ্চিত হওয়া যায়নি। বৈষম্যমূলক কারণে ভাইরাস স্পষ্টভাবে না ঘটায় বন্ধ করুন।  ক্রিসট  করোনভাইরাস URL,1
208,আতঙ্কিত ক্রয় ব্যক্তিবিদ্বেষিত অসুস্থ সমাজের লক্ষণ যা বাড়িতে লিটার সাবান রয়েছে তাদের কাছে- আপনি কি বুঝতে পেরেছেন যে covid-19 সংক্রমণকে ধীর করতে আপনার অন্যান্য লোকেরও হাত পরিষ্কার করা দরকার ?! টয়লেট পেপারের দুর্গ আপনাকে রক্ষা করবে না,1
209,রাষ্ট্রপতি @ রিয়েলডোনাল্ড ট্রাম্প যখনই শুনলেন যে চীনে  করোনাভাইরাস একটি সমস্যা ছিল তখন তিনি চীন থেকে মার্কিন যুক্তরাষ্ট্রে প্রবেশ বন্ধ করে দেন। এতে অনেকের জীবন বাঁচা গেল!  ট্রাম্পটাউনহল URL,1
210,আমার ন্যানদের শেষকৃত্যের জন্য এফএফএসের জন্য টোটালস্পোর্টেখে যেতে হবে,0
211,"হার্ভার্ডের সেন্টার ফর কমিউনিকেশনাল ডিজাইজ ডায়নামিক্সের পরিচালক এপিডেমিওলজিস্ট মার্ক লিপসিচ: ""মার্কিন যুক্তরাষ্ট্রে এটি অন্তর্ভুক্তের বিপরীত। ' URL",1
212,"জাস্ট এট করুন: হিশাম হামদানের ব্যক্তিগত বিবৃতি, কোভিড -১৯ @ কেস ২ 26। এটি পড়ুন। চোখ খোলার। URL",0
213,টরন্টোর একটি  যাত্রী যিনি ..... লাস ভেগাসে সংক্রমণ পেয়েছিলেন তার মধ্যে আরও একটি কেওআইডি 19 আছে case আপনি ঠিক শুনেছেন - লাস ভেগাস। মার্কিন যুক্তরাষ্ট্র মামলা রফতানি করছে এবং ভ্রমণের ইতিহাস দ্রুত অপ্রাসঙ্গিক হয়ে উঠছে। URL,1
214,"breaking: বিশ্বব্যাপী এখন 100,000 এরও বেশি  করোন ভাইরাস মামলা হয়েছে।  covid19 এর ফলে 3,398 লোক মারা গেছে এবং 55,672 জন পুনরুদ্ধার করেছে।",1
215,"আমি আজ  করোনা ভাইরাস-তে উপস্থিত প্রতিটি কাগজ পড়ার সিদ্ধান্ত নিয়েছি। আমার ব্যাকগ্রাউন্ডটি জীববিজ্ঞান এবং স্নায়ুবিজ্ঞান এবং আমি প্যারাবোলিক প্রবণতাগুলি প্রথম দিকে, ডেটা এবং চিকিত্সা গবেষণার প্রতি আকৃষ্ট হয়ে আছি। সর্বশেষ গবেষণার সাথে একটি থ্রেড এখানে পুনঃটুইট বা ক্রেডিট সহ উদ্ধৃত নির্দ্বিধায়",0
216,যারা আবার  করোনভাইরাস নিয়ে অসুস্থ এবং তাদের যত্ন নিচ্ছেন এমন স্বাস্থ্যসেবা কর্মীদের পাশাপাশি সিভিল কর্তৃপক্ষ এবং রোগীদের সহায়তা করার ক্ষেত্রে এবং ভাইরাসের বিস্তারজনিত জড়িত সকলকেও আমার ঘনিষ্ঠতা জানাতে চাই wish,0
217,"হুম। তবুও যদি হ্যারি এবং মেঘান এটি নিয়ে রসিকতা করে তবে এটি হত ""গ্রেট ব্রিটেনের নিরীহ নাগরিকদের জন্য মৃত্যু কামনা করেছেন""",0
218,"breaking: ট্রাম্প এখনও এমন একটি সংস্থার মালিকানা পেতে পারেন যা সিডিসির মতে, ফেডারেল সরকারকে করোনভাইরাস টেস্ট কিট সরবরাহের ক্ষেত্রে মুখ্য ভূমিকা নেবে, যার অর্থ ট্রাম্প করোনভাইরাস পরীক্ষা থেকে লাভ করতে পারে। covid 19  করোনভাইরাস URL",1
219,কর্নাভাইরাস covid-19 গ্লোবাল কেসগুলি জনস হপকিন্স বিশ্ববিদ্যালয়ের @ জেএইচএসআইটিএমএস URL URL দ্বারা সন্ধান করা হয়েছে,0
220,"আপনি কি জানেন যে এই মুহূর্তে covid-19 এর 96,950 টি কেস রয়েছে? আপনি কি জানেন যে এটি থেকে 3,308 জন মারা গেছে? তবে আপনি কি জানেন যে এর মধ্যে 53,981 টি মামলা ইতিমধ্যে পুনরুদ্ধার হয়েছে? মিডিয়াটিকে আপনার মস্তিষ্ক নিয়ন্ত্রণ করতে দেওয়া বন্ধ করুন। ভীতি কৌশল হ'ল বাস্তব কৌশল। আপনার গবেষণা করুন।",1
221,"প্রিয় @ ভিপি পেন্স: নীচেরটি কি সত্য? তোমার কোন পরিকল্পনা আছে? এছাড়াও, স্থানীয় এখতিয়ারগুলি যখন আপনি প্রতিশ্রুতি দিয়েছিলেন  করোনভাইরাস পরীক্ষার কিট পেতে চলেছে?",0
222,"আমি একটি মাদুর সাল্লেহ বসের সাথে কাজ করি এবং প্রতিবার যখন সে কাউকে হাঁচি দেয় বা কাশি শুনে তিনি তাত্ক্ষণিকভাবে ফিরে যেতে বা বাড়ি থেকে কাজ করতে বলতেন। আমাদের এশিয়ানদের বিষয় হ'ল, আমরা সবসময়ই মনে করি রাজিন্য ডিটিজি কেরজা ওয়ালাপুন সরকার এত বেশি উত্সর্গ করুন তবে আপনি কেবল ছড়িয়ে ছিটিয়ে থাকা জীম .....",1
224,"ফেডারেশন সরকার কয়েক সপ্তাহ পরে covid-19 টেস্টিংয়ে পা ফেলছে, ট্রাম্প কেবলমাত্র তার ব্যক্তিগত রাজনৈতিক সুবিধার জন্য প্রাদুর্ভাবের পরিমাপটি কাজে লাগাতে চান এমন ক্যামেরাগুলির সামনে স্বীকার করেছিলেন।",1
226,কোরিয়া: কোভিড -১৯ পিএইচ জন্য বিনামূল্যে পরীক্ষা কিট দিচ্ছে: আমরা টিকটকে !!!,1
228,আমি আমার হাত ধোয়া: [বাই শ্যারোনা ভয়েস] ডাই করোনা,0
229,রিপ দাদা আমরা কি 30 গিফটেড সাবস পেতে পারি? ',0
230,wtaf?!?! পরীক্ষার ফলাফলের জন্য অপেক্ষা করতে করতে ডার্টমাউথের একজন মানুষকে  সিওভিআইডি 19 এর লক্ষণ রয়েছে এবং সেগুলি স্বতঃসংশ্লিষ্ট করতে বলা হয়েছিল। তিনি সিদ্ধান্ত নিয়েছেন যে তিনি ভাল আছেন এবং একটি পার্টিতে যান। পরের দিন ইতিবাচক ফলাফল ফিরে এসেছিল। এখন অন্য একটি আছে। এত লোক কেন এটাকে রসিকতা হিসাবে ব্যবহার করছে? coronavirususa,1
231,করোনাভাইরাস ছড়িয়ে পড়া বন্ধ করতে কী কাজ করে: 1. কমপক্ষে 20 সেকেন্ডের জন্য আপনার হাত ধুয়ে নিন 2. আপনার কনুইতে কাশি এবং হাঁচি ৩. আপনি অসুস্থ থাকলে বাড়িতে থাকুন যা কাজ করে না: 1. বর্ণবাদ,1
232,একজনের নিজের মুখ স্পর্শ করার পরামর্শ দেওয়া হয় না কারণ  করোন ভাইরাস সারা বিশ্বে ছড়িয়ে পড়ে। অন্যের মুখ স্পর্শ করা সহজভাবে গ্রহণযোগ্য নয়। justsowrongjoe notokayjoe URL,1
233,"এখানে আমার পাবলিক সার্ভিসের ঘোষণাটি দেওয়া হয়েছে: যদি @ রিয়েলডোনাল্ড ট্রাম্প  করোনভাইরাস অটব্রেক সম্পর্কে ডাক্তার এবং বিশেষজ্ঞরা যা বলেছেন তার সাথে বিরোধে কিছু বলে বা টুইট করে, চিকিত্সক এবং বিশেষজ্ঞদের বিশ্বাস করুন। আপনার এবং আপনার পরিবার এবং বন্ধুদের জীবন ঝুঁকিতে পড়তে পারে।",0
234,covid-19 সম্পর্কে ভীতিকর বিষয়টি এটি দেখতে জিরার টিকিটের মতো লাগে,0
235,ভিয়েতনাম এমন প্রথম দেশ যেখানে পুরোপুরি সারস এবং কভিড -১৯ (কোনও মৃত্যুহীন নয়) রয়েছে এবং এক মাসের মধ্যে একটি দ্রুত-পরীক্ষার কিট তৈরি করেছে যা ডাব্লুএইচও বলেছে যে চার বছর সময় নিতে হবে। বিশ্ব সংকট মোকাবিলার জন্য এখন ডাব্লুএইচও ভিয়েতনামের সাথে পরামর্শ করছে। অবশ্যই এটি আমাদের সংবাদে নেই।,1
236,"করোন ভাইরাসের মধ্যে মারা গেছে এমন লোকের সংখ্যা থেকে প্রতিটি বছরই নিয়মিত ফাকিং ফ্লু থেকে আরও লোক মারা যায়, আপনার হাতটি ধাপে ধাপে ধাপে ধাপে আপনার চার্চটি চলাচল করে চলেন আপনার চ্যানেল চালান",1
237,অনুবাদ - একটি 60 বছর বয়সী মহিলা ঠান্ডা ধরা পড়েছিলেন এবং ভাল আছেন।,1
238,এটি করোনার সময় URL,0
239,"এটি প্রথম না দেখে  করোনভাইরাস থেকে মারা যাবেন না, এটি আপনি এই বছর দেখছেন এমন সেরা ক্লিপ।  কোভিড_19  তৃতীয় বৃহস্পতিবারের খবর  তৃতীয় বৃহস্পতিবার প্রচার  করোন ভাইরাস URL",0
240, কভিডের অব্যাহত অভাব 19 টেস্টিং @ রিয়েলডোনাল্ড ট্রাম্পের মাধ্যমে ডিউটির একটি নির্ধারণ। জানুয়ার পর থেকে তিনি  করোনভাইরাস সম্পর্কে জানতেন। বিশেষত লজ্জাজনক বিষয়টি হ'ল @ পটুস ভাইরাসটি বন্ধ হয়ে গেছে বলে পরীক্ষা করার অভাবে কৃত্রিমভাবে বিচ্ছিন্ন সংখ্যাগুলি ব্যবহার করছেন। এটা না।,1
241,"যদি আমি করোনাকে পেয়ে থাকি তবে আমি সেই পাগল টিবিএইচ হতে পারতাম না। শোষণ এবং স্টাফগুলি ধরে রাখতে, পড়তে, একগুচ্ছ লিখতে এবং আমি ভাগ্যবান হলে, মারা",0
242,এটি করোনার ভাইরাসে আমি যে তথ্য পেয়েছি তার সেরা সেট এটি সম্পূর্ণ 10 মিনিট URL দেখার মতো,0
243,সাধারণ অসুস্থ পিপিএল বনাম কোরোনা ভাইরাসযুক্ত লোকেরা  কোরোনাভাইরাসচ্যালেন URL,0
244,সাম্প্রদায়িক বিদ্বেষের ভাইরাসটি করোনার ভাইরাসের চেয়ে মারাত্মক!,0
246,করোনার ভাইরাস অস্থায়ী। ঘরের সংগীত চিরকাল,0
247,আপনার অনুমোদনের নম্বরগুলি সহায়তা করার জন্য করোনভাইরাস ভুক্তভোগীদের কাছে ডিনিন 'পরীক্ষা হত্যার চেষ্টা হিসাবে বিবেচনা করা উচিত। URL,0
248,করোনোভাইরাস  covid19 বাতিল হয়েছে! । URL,0
249,কর্নোনা সম্পর্কে আপনি টুইট করছেন তবে কর্ণিশিয়ান স্মেথ নয়,0
250,সমগ্র বিশ্ব: করোনার ভাইরাস বিপজ্জনক। জামাইকানস: URL,0
251,"""আপনি দেখতে পাবেন যে কফিনটি এখানেই আছে"" URL URL",0
252,"প্রতিকূল স্থান এলিয়েনদের আক্রমণ হিসাবে, covid-19 হ'ল মানব প্রজাতির একটি শত্রু যা আলোচনা করবে না that এটি আপনার জাতীয়তা, আদর্শ, রাজনীতি বা ধর্মের বিষয়ে চিন্তা করে না। আমাদের সকলের এই শত্রুটির বিরুদ্ধে লড়াই করার বিশ্বব্যাপী প্রচেষ্টা প্রয়োজন, বিজ্ঞানের দ্বারা পরিচালিত এবং যাদুকরী চিন্তাভাবনার দ্বারা নয়। URL",1
253,"এর শুক্রবারের মাথু ফাকার্স, আপনি করোনার রসে ভরা বাদামের বস্তা এবং একটি শ্বাস প্রশ্বাসের মুখোশ দেখিয়ে দিচ্ছেন .....",0
254," ভিডিও:  মক্কার পবিত্র মসজিদে পবিত্র কাবার আশেপাশে চলাচলকারী অঞ্চলটি অকার্যকরভাবে খালি করা হয়েছিল যাতে এটি পরিষ্কার ও নির্বীজন করা যায়, কারণ  করোনভাইরাস ভয় এবং তীর্থযাত্রীদের সুরক্ষার জন্য বীমা করা হয়েছিল। URL",1
255,দোহ টিকটোকের উপর আনুষ্ঠানিকভাবে! t এই টিকটোক ভিডিওতে কভিড -১৯ এর বিরুদ্ধে প্রতিরক্ষামূলক ব্যবস্থা শিখুন! covidance চ্যালেঞ্জ এ যোগ দিন! আইডি তে ডিওএইচ এর অফিসিয়াল টিকটাক অ্যাকাউন্ট অনুসরণ করুন: দোহগোভ্ফ URL,0
256,"nursএর নার্স initially প্রাথমিকভাবে রিফিউজিং এবং তারপরে  covid19 টেস্টে বিলম্বের জন্য  করোনভাইরাস এবং এসআইসিকে কোয়ারেন্টাইন-তে হাতুড়ি @ সিডিসিগোভের সংস্পর্শে এসেছেন। ""কী হাস্যকর এবং অশিক্ষিত প্রতিক্রিয়া ... এটি জনস্বাস্থ্যের জরুরি অবস্থা” "" এইচ / টি @ আইএম_ ব্রুকস্মিথ @ ন্যাশনালনার্স URL",1
257,আরও আশা নিয়ে আসা যাক! বিজ্ঞানের কাজ! URL,0
258,"6th ই মার্চ 3pm কেএসটি হিসাবে, btsarmy প্রায় অনুদান প্রদান করেছে 505,500,000 9 দিনের মধ্যে covid-19 ত্রাণের জন্য জিতেছে !! @bts_twt URL",1
259,"রাষ্ট্রপতি ট্রাম্প কভিড -১৯ এর জন্য একটি নিরাময় তৈরি করতে পারেন এবং আমরা টিডিএসের ভিড়ের কাছ থেকে 'আমার নিরাময় নয়' শুনতাম। তারা বলে যে আমরা একটি সম্প্রদায়, যখন বাস্তবে আমরা পরিবার। টিম ট্রাম্প একটি রাজবংশ এবং এই রাজবংশ তাকে পুনরায় নির্বাচিত করতে চলেছে।  landslide2020",0
260,"@ রিয়েলডোনাল্ড ট্রাম্প এবং ক্রোনিজ  করোনভাইরাস অটব্র্যাককে নেমে যাওয়ার পরে, পেন্স এখন স্বীকার করেছেন যে পর্যাপ্ত  করোন ভাইরাস পরীক্ষা কিট নেই। বিশেষজ্ঞরা (আমাকে সহ) কয়েক সপ্তাহ ধরে এটি দেখতে পেয়ে পয়েন্ট-অফ-কেয়ার  covid19 পরীক্ষার আহ্বান জানিয়েছিলেন। তাদের অক্ষমতার জন্য জীবন ব্যয় হবে",1
261, হংকোনজারস যথাযথ কারণে তাদের নিজস্ব সরকারের কথা না শুনে সিদ্ধান্ত নিয়েছে এবং নিজের সুরক্ষার জন্য মুখোশ পরার সিদ্ধান্ত নিয়েছে। এই তালিকার বেশিরভাগ দেশের তুলনায়  হংকং-এর আগে  করোনভাইরাস পথে প্রথম ঘটনা ঘটেছে এবং এর পরে এর ক্ষেত্রে প্রায় কোনও কমই দেখা যায়নি।,1
262,সুতরাং স্থানীয় ট্রান্সমিশন আছে। আপনার হাত ধুয়ে নিন দয়া করে লোকদের উপর কাশি বা হাঁচিবেন না।,0
263,"কেরালা ভারতের একমাত্র রাজ্য যা সফলভাবে ৩ টি মারাত্মক ভাইরাস, করোনা, নিপা এবং বিজেপি বন্ধ করেছিল।",1
264,সারস-এর মতো ফুসফুসের ক্ষয়ক্ষতির এই সর্বশেষ প্রতিবেদনটি  চীন থেকে  করোনভাইরাস মামলার প্রাকৃতিক প্রতিবেদনের সাথে সামঞ্জস্যপূর্ণ। কমপক্ষে ১ জন রোগী যিনি  সিওআইভিড ১৯-এ বেঁচে গিয়েছিলেন তার পরে তার ফুসফুসের স্থায়ী ফাইব্রোসিস ('দাগ পড়া') কারণে ফুসফুস প্রতিস্থাপন হয়েছিল। URL,1
265,আমার বিহুন সুপার সাম্বল হিটম ছাড়া নিখুঁত নয়,0
266,মার্কিন সরকারকে অনুদান মার্কিন যুক্তরাষ্ট্রের ট্রেজারিতে একটি নির্দিষ্ট অফিস দ্বারা পরিচালিত হয়; আপনি “স্বাস্থ্য সহকারী সচিবের কার্যালয়ে” কোনও চেক প্রেরণ করেন না - URL দেখুন,1
267,"সুতরাং আজকের জন্য এখানে একটি প্রশ্ন রয়েছে: আপনি যদি সিয়াটল অঞ্চলে ডাক্তার হন তবে আপনি কি আজকের মতো, কোনও রোগীর পরীক্ষা করা উচিত বলে মনে করেন তার জন্য একটি covid-19 পরীক্ষার আদেশ দিতে পারেন? এলাকার প্রকৃত চিকিত্সা পেশাদারদের কাছ থেকে শুনতে আগ্রহী।",0
268,আমরা কী বলতে পারি যে '16 জনের পরীক্ষা করা হয়েছে',0
269,"এই  করোনভাইরাস জরুরী প্রতিক্রিয়া প্যাকেজটি আমাদের সরকারকে এই জনস্বাস্থ্য সংকটের মোকাবিলা করার জন্য প্রয়োজনীয় সংস্থানগুলি দেয় - অন্যান্য সমালোচনামূলক উদ্যোগ থেকে একটি পয়সা চুরি না করে। আমার স্বাক্ষর সহ, এটি রাষ্ট্রপতির ডেস্কে যায়। URL",1
270,ভাইরাস ভ্রমণের জন্য আমাদের প্রয়োজন। আসুন আমরা সচেতন এবং দায়িত্বশীল পদক্ষেপ নিয়ে 'ভাইরাসকে বীট করি'। ভাইরাসকে আপনার এবং জাতির জীবনকে স্থানচ্যুত এবং ব্যাহত করার অনুমতি দেবেন না। - এসজি  করোনো ভাইরাস,0
272,"আচ্ছা, আমরা এখানে প্রথমে ফোন করেছি, তাই না? বা কমপক্ষে প্রথমটির মধ্যে ... এটি সুসংবাদ হবে।",0
274,"প্রিয় @ স্টেটডেপ্ট: @ হাউজফোরইন বিষয়ক কমিটিতে গত সপ্তাহে একটি অনুস্মারক, @ সেক পম্পেও এই অস্বীকার করতে 6 বার প্রত্যাখ্যান করেছিলেন যে  করোনভাইরাসটি একটি প্রতারণা। URL",1
275,তুরস্কের সাথে অদ্ভুত কিছু চলছে। এটি ডাব্লুএইচওকে করোনার ভাইরাস সম্পর্কিত প্রমাণ দিতে অস্বীকার করছে। গুজব রয়েছে যে সমস্যাটি প্রায় ইরানের মতো। কিছু ঘটনা তুর্কি এয়ারলাইন্সে প্রকাশিত হয়েছে। টিএ দেউলিয়ার দ্বারপ্রান্তে রয়েছে বলে তারা প্রমাণ দেয় না URL,1
276,"জাপান: ক্লোজ স্কুল ইতালি: ক্লোজ স্কুল এবং ফুটবল গেম চীন: অলিম্পিক সবকিছু বন্ধ করে দিন; ট্রাম্প বাতিল করতে পারে: করোনাভাইরাস একটি প্রতারণা, আমার কুঁচি বিশেষজ্ঞরা ভুল, এবং আপনার কাজ এবং স্কুলে যাওয়া উচিত।  ট্রাম্পভাইরাস  covid19  করোন ভাইরাস",1
277,"বাধা দেবেন না! দোষারোপ  4 করোনভিভাইরাসিনা আমাদের নতুন দুষ্ট সাম্রাজ্য -4 এর কভারআপটিকে 2 একত্রিত করতে সক্ষম করবে। এই মহামারীটি কেবল চীনা মানুষকেই নয়, সারা বিশ্বে মানুষকে হত্যা করছে উপ-প্রিমিয়ার-ভিজিট হিসাবে ভুয়ান ভুক্তভোগীরা ভুয়া চিৎকার করেছে। URL",1
278,"টিএমজেড এবং অন্যান্য কয়েকটি নির্ভরযোগ্য উত্স অনুসারে। সেলিনা গোমেজ কর্নাভাইরাস নামে পরিচিত সিওভিড -১৯ এর বিস্তার রোধে সহায়তা করার জন্য ভ্যাকসিন গবেষণায় $ ১,০০,০০০ ডলার অনুদান দিয়েছেন। ""আমি সবাইকে জানতে চাই যে তারা বিরল এবং খুব শীঘ্রই এই রোগ হবে” "" URL",1
280,6 মার্চ 20 | সন্ধ্যা 7 টা জিএমটি + ২  অঞ্চলে নিশ্চিত  covid19 কেস-আফগানিস্তান 1 -বাহরিন 56 - মিশর 15 - ইরান 4747 এর সাথে 124 জন মারা গেছে - ইরাক 38 জনসহ 2 মৃত্যুর - জর্দান 1 - কুয়েত 58 cases লেবানন 16 মরোকো 2 manমান 16 opt 7 akপাকিস্তান 6 -কাতার 11 unতুনিসিয়া 1 কেএসএ 5 auae 29 URL,1
281,"ট্রাম্প প্রচারে সিএনএনকে ‘মিথ্যা ও মানহানিকর’ ‘রাশিয়া রাশিয়া’ বক্তব্য নিয়ে মামলা করেছে, লক্ষ লক্ষ লোকসানের ক্ষতি চেয়েছে। ফেক নিউজ মিডিয়াস  করোনভাইরাস থেকে খারাপ। জনগণের শত্রু! মহান জাগ্রত। আপনি এখন খবর। হ্যান্ডেল ডাব্লু / কেয়ার। প্রশ্ন qanon  trump2020 kag  kag2020  wwg1wga URL",1
282," covid19 থেকে আরও তিনজন ইরানী কর্মকর্তা নিহত হয়েছেন বলে জানা গেছে। হয় রাজনীতিবিদ হওয়ার কারণে আপনি করোনাভাইরাসকে অতিরিক্ত সংবেদনশীল করে তুলুন, বা এই রোগের বিস্তারটি সরকার স্বীকারের চেয়ে বেশি মাত্রার অর্ডার: URL",1
283,@ রিয়ালডোনাল্ড ট্রাম্প ডোনাল্ড ট্রাম্প আটলান্টায় সিডিসিতে তার ভ্রমণ বাতিল করেছেন কারণ একজনের অভিযোগ  করোন ভাইরাস ছিল ??  হাইপোক্রিট URL,1
284,"এটি আপনাকে অবাক করে তোলে। আপনি যদি কেবল একটি প্রতারণা, বা আরও খারাপ ফ্লু হয়ে থাকেন তবে কেন আপনি একটি দর্শন বাতিল করবেন?  জার্মাফোবি ট্রাম্পের 2 টি মান রয়েছে। covid-19 এ সংক্রামিত প্রত্যেক ব্যক্তি এখনও কাজ করতে যেতে পারে, যদি না তিনি বোনস্পর্স অফ চিফ URL",1
285,সতর্কতা : এই ব্যক্তিটি জোটের ছদ্মবেশী সাম্রাজ্যের রাজা। তিনি যা বলেন বা লেখেন কিছুই বিশ্বাস করবেন না। তিনি খাঁটি বিশৃঙ্খলা।,1
286,নকল মামলা সম্পর্কিত প্রশ্ন নিয়ে মিডিয়া আমাদের বোমা মারছে। আমি প্রথমে জানব সেটাই হবে know আমি আপনাকে জাল খবর থেকে বিরত করার জন্য অনুরোধ করছি  করোনভাইরাস URL,1
287,নিউইয়র্ক এজি টেলিভিশনজালিস্টকে হুঁশিয়ারি দিয়েছে  জিমব্যাকারকে জাল বিক্রি বন্ধ করতে  এজি'র স্বাস্থ্যসেবা ব্যুরোর প্রধান  লিসাল্যান্ডা আইনজীবি পদক্ষেপের হুমকি দিয়ে বক্করকে বৃহস্পতিবার একটি স্থগিত ও নিষিদ্ধ চিঠি পাঠিয়েছেন  এমওজি  ব্লু ওয়েভ2020  ম্যাগা  ক্রিশ্চিয়ান্স URL / /t.co/y1iwhzwlsi,1
288,"করোনার ভাইরাস দক্ষিণ আফ্রিকা পৌঁছানোর আগে, ট্র্যাভর নোহ প্রতিদিনের অনুষ্ঠানটিতে মজা করে বলেছিলেন যে আমরা চীন ও তাদের জাল জিনিসগুলির কারণে মারা যাব। কিছু আমেরিকান ক্ষুব্ধ হয়েছেন যে তিনি এমন মারাত্মক পরিস্থিতি নিয়ে মজা করছেন এবং তিনি ছিলেন",1
289,"যেহেতু এটি কখনই মিডিয়া দ্বারা রিপোর্ট করা হবে না, তাই আমি এই চেকটির একটি অনুলিপি ভাগ করতে চেয়েছিলাম। @ রিয়েলডোনাল্ড ট্রাম্প আবারও তার বেতন মার্কিন যুক্তরাষ্ট্র সরকারকে দান করছেন â € ”এই ত্রৈমাসিকে, এটি এইচএইচএসজিভকে  করোনভাইরাসকে মোকাবেলা, সংঘবদ্ধকরণ এবং লড়াই করার জন্য অনুদান দেওয়া হবে। মার্কিন যুক্তরাষ্ট্র এর পতাকা",1
290,"ধন্যবাদ,  মিশেল ব্লুমবার্গ আমেরিকার সবচেয়ে ক্লাসহীন ব্যক্তি দ্বারা  করোন ভাইরাস ছড়িয়ে দেওয়ার পথে এখানে একটি সামান্য (অজান্তেই) ডেমো: আপনার লালা ভেজানো আঙ্গুল দিয়ে যতটা সম্ভব সম্প্রদায়ের খাবারের স্পর্শ করুন।  মিনিমাইক ব্লুমবার্গ  ড্রলিংব্লুমবার্গ",0
291,"লোকেরা, আপনি যখন বলছেন ""করোনার ভাইরাস কোনও বড় বিষয় নয়, এটি কেবলমাত্র প্রতিবন্ধী, বয়স্ক, ছদ্মবেশী-অসুস্থ এবং অনাক্রম্য ব্যক্তিদের হত্যা করে,"" এর অর্থ এই যে লোকেরা ব্যয়যোগ্য। আরও যত্নবান হন।",0
292,ভারতে করোনা ভাইরাসের মাত্র 1 কেস এবং মানুষ মুখোশের জন্য পাগল !! প্রতিদিনের 400 জন মানুষ সড়ক দুর্ঘটনায় মারা যায় এবং এখনও হেলমেটচিনাকিং মুখের জন্য কোনও ক্রেজ নেই  ভাইরাস বা সড়ক দুর্ঘটনার কারণ হতে পারে সেফটিসাইটগুলি!,1
293,"রাষ্ট্রপতি @ রিয়েলডোনাল্ড ট্রাম্প অফিসে থাকাকালীন তার বেতন অনুদানের প্রতিশ্রুতিবদ্ধ করেছিলেন। এই প্রতিশ্রুতির প্রতি শ্রদ্ধা জানাতে এবং আমেরিকান জনগণকে আরও সুরক্ষিত করার জন্য, তিনি  করোনভাইরাসকে মোকাবেলা, ধারণ এবং লড়াইয়ের জন্য পরিচালিত প্রচেষ্টাকে সমর্থন করার জন্য @ এইচএইচএসজিভকে তার 2019 এর q4 বেতন অনুদান দিচ্ছেন।",1
294,"আমি সিয়াটলে থাকি, আমার covid-19 এর সমস্ত লক্ষণ রয়েছে এবং দীর্ঘস্থায়ী ব্রঙ্কাইটিসের ইতিহাস রয়েছে। যেহেতু আমি অনেক 65+ রোগী এবং দীর্ঘস্থায়ী অসুস্থ রোগীদের সাথে একটি শারীরিক থেরাপি ক্লিনিকে কাজ করি, তাই আমি দায়বদ্ধ হয়ে পরীক্ষা নেওয়ার সিদ্ধান্ত নিয়েছিলাম। এভাবেই চলল।",1
295,"আমার বাবা বলেছিলেন ""কেন তারা কেবল করোনার ভাইরাস নিরাময় করে না"" এবং আমি তাকে বলেছিলাম যে এটি আমাকে এই হোম চলচ্চিত্রের ক্লিপটির কথা মনে করিয়ে দেয়",0
296,"বিশ্বজুড়ে বিশেষজ্ঞরা covid-19 নভেল করোনাভাইরাস ছড়িয়ে পড়ার জন্য জনসমাগমকে হ্রাস করার পরামর্শ দিয়েছেন। তাই, এই বছর আমি কোনও হোলি মিলান প্রোগ্রামে অংশ না নেওয়ার সিদ্ধান্ত নিয়েছি।",1
297,ইস্রায়েলের প্রধানমন্ত্রী বেনিয়ামিন নেতানিয়াহু @ নেটানাহাহু ইস্রায়েলিদের  করমনা ভাইরাস ছড়িয়ে দেওয়ার লক্ষ্যে একটি সংবাদ সম্মেলনে  নমস্তাকে অভিনন্দন করার ভারতীয় পদ্ধতি অবলম্বন করতে উত্সাহিত করেছেন,1
298,প্রিয় @ রিয়েলডোনাল্ড ট্রাম্প: জানুয়ারীতে আপনি  কোভিড_19 সম্পর্কে জানতেন। এটি মার্চ এবং আপনার প্রশাসনের কাছে পর্যাপ্ত পরীক্ষার কিট নেই। এটি নিঃসংশোধনীয় এবং কর্তব্যবিস্তার de  করোনার অটব্র্যাককে হ্রাস করা বন্ধ করুন এবং নেতৃত্বদান শুরু করুন। প্রাণ ঝুঁকিতে রয়েছে। <link>,1
299,নিরাপত্তা সর্বদা প্রথম আসে। আতঙ্কিত হয়ে নিরাপদে থাকবেন না।  করোনার সতর্কতা <লিঙ্ক>,0
300," করোনাভাইরাস সবচেয়ে বেশি সংখ্যক দেশ নির্ণয়কারী দেশগুলি 1. চীন 2. দক্ষিণ কোরিয়া 3. ইতালি 4. ইরান 5, জাপান 6. ফ্রান্স 7. জার্মানি 8. স্পেন 9. সিঙ্গাপুর 10. মার্কিন যুক্তরাষ্ট্র",1
301," সিঙ্গাপুরে প্রকাশিত  করোন ভাইরাস তথ্যের গভীরতা দেখে আমি হতবাক। এই ওয়েবসাইটে আপনি প্রতিটি পরিচিত সংক্রমণের কেসটি দেখতে পাবেন, ব্যক্তিটি কোথায় বাস করে এবং কাজ করে, কোন হাসপাতালে তারা ভর্তি হয়েছিল এবং ক্যারিয়ারের নেটওয়ার্ক টপোলজি সবই একটি সময়-সিরিজের উপরে রেখেছিল <লিঙ্ক>",1
302,"ধন্যবাদ, দুর্দান্ত কাজ চালিয়ে যান!",0
303,"নতুন  করোনাভাইরাস বিশ্বব্যাপী প্রায় ৩.৪% নিশ্চিত কেসকে হত্যা করেছে - এটি ফ্লুর চেয়ে মারাত্মক, তবে এখনও ধারণযোগ্য নয়। মৌসুমী ফ্লুর মৃত্যুর হার 1% URL এর নীচে",1
304,নাইজেরিয়া ইবোলা এবং করোনার ভাইরাস কার্যকরভাবে পরিচালনা করতে সক্ষম হচ্ছে কেবল আপনাকে তা জানাতে দেয় যে অন্য সমস্ত কিছুর অক্ষমতা উদ্দেশ্যপ্রণোদিত is,0
305,"breaking: আমি জরুরী ঘর, জরুরি যত্ন এবং অফিস পরিদর্শন সহ  করোনভাইরাসগুলির পরীক্ষার সাথে জড়িত ব্যয় ভাগাভাগি করার জন্য এনওয়াইয়ের স্বাস্থ্য বীমাদাতাদের প্রয়োজনীয় একটি নতুন নির্দেশের ঘোষণা দিচ্ছি। আমরা কোনও নিউইয়র্কারের জন্য covid-19 পরীক্ষার অ্যাক্সেসের জন্য ব্যয়টিকে বাধা হতে পারি না।",1
306,এখন তারা পরিষ্কার করতে চায়,0
307,"নেতানিয়াহু  করোনার বিরুদ্ধে ইস্রায়েলের নতুন চরম পদক্ষেপের ঘোষণা দিচ্ছেন। ইস্রায়েলিদের হাত কাঁপানো বন্ধ করার নির্দেশ, পরিবর্তে ভারতীয় নামস্টে রীতি অনুসরণ করার পরামর্শ দেয়। l ™ ðÿ ½ <লিঙ্ক>",1
308,"কেবল er ডকের সাথে কথা বলেছেন যারা বলে যে তিনি 99% নিশ্চিত যে  করোনভাইরাস সেগুলি কেস দেখছেন। ফ্লু, সাম্প্রতিক ভ্রমণ, বিমানবন্দরে কাজের জন্য নেতিবাচক। পরীক্ষার অনুমতি নেই। রোগীরা কর্মস্থলে ফিরে আসে কারণ তারা দৃ firm় নির্ণয়ে ডাব্লু / আউট সময় নিতে পারে না। অন্যান্য ইআর ডক্স একই জিনিস দেখছে।",1
309,"আস্তে আস্তে, সমস্ত হিন্দু traditionsতিহ্য বিশ্ব গ্রহণ করবে। যোগব্যায়াম ইতিমধ্যে রয়েছে family সন্ত্রাসবাদের বিরুদ্ধে লড়াই করার সর্বজনস্বীকৃত পারিবারিক ব্যবস্থা এবং নিরামিষবাদের প্রয়োজনীয়তা, কমিউনিস্টদের ঘৃণা ও গোঁড়ামির বিরুদ্ধে লড়াই করার বহুতাবাদ। অবৈজ্ঞানিক আব্রাহামিক নীতিগুলির সময় শেষ <<লিঙ্ক>",0
310,কংগ্রেসের জরুরী coronavirus তহবিল fisa অনুমোদনের সাথে বেঁধে রাখা উচিত নয়। আমেরিকান জনগণের আমাদের বিচার ব্যবস্থার প্রতি আস্থা ফিরিয়ে আনতে এবং ফিনাল ডোনাল্ড ট্রাম্পকে যা ঘটেছিল তা নিশ্চিত করার জন্য এবং ২০১ 2016 সালে তার অভিযান আবার কখনও ঘটেনি তা নিশ্চিত করার জন্য আমরা আমাদের ফিসা ব্যবস্থাটি পরিবর্তন করতে হবে <,0
311," করোনভাইরাস প্রাদুর্ভাবের বিরুদ্ধে লড়াইয়ে সহায়তার জন্য  এক্সও সদস্যরা  চ্যানিয়েল,  লা,  সুহো এবং  কাই কোরিয়া বিপর্যয় ত্রাণ সংস্থার আশা ব্রিজকে মিলিত ১ 170০ মিলিয়ন জনের অনুদান দিয়েছেন।  covid19 @warereoneexo @layzhang  ì ° ¬ì — ´  জাংইয়িক্সিং  ìˆ˜í˜¸  ì — ‘ì † œ",1
312,প্রিয় @ ভিপি পেন্স: আমেরিকান জনগণের কাছ থেকে আপনি কী লুকিয়ে আছেন? বিশেষজ্ঞরা  করোনা অট্রব্রেক সম্পর্কে কী বলছেন তা আপনি কেন লোকেরা দেখতে এবং শুনতে দেবেন না?,0
313,"প্রিয় @ পিএমও ইন্ডিয়া, ভারত যখন কোনও জরুরী অবস্থার মুখোমুখি হচ্ছে তখন আপনার সোশ্যাল মিডিয়া অ্যাকাউন্টগুলির সাথে ক্লাউনটি খেলার সময় নষ্ট করা প্রস্থান করুন। করোনার ভাইরাস চ্যালেঞ্জ গ্রহণের ক্ষেত্রে প্রতিটি ভারতীয়ের দৃষ্টি নিবদ্ধ করুন। এটি কিভাবে সম্পন্ন হয়েছে তা এখানে ..  করোনভিরাসুনিয়া",0
314,ধরুন -  চিনা কমিউনিস্ট পার্টি এখন  কোরোনভাইরাসকে অস্বীকার করছে ওটব্র্যাকের উদ্ভব কি চীনে? বেইজিংয়ের ভাইরাসের বিপর্যয়মূলক অপব্যবহারের পরে বিশ্বব্যাপী স্বাস্থ্য সংকট দেখা দিয়েছে? অক্ষম ঠগ এবং মিথ্যাবাদীর <লিংক> এর কী সংগ্রহ,1
315,"বিশ্ব স্বাস্থ্য সংস্থা নিশ্চিত করেছে যে কোভিড -১৯ মৌসুমী ফ্লুর চেয়ে মারাত্মক, তবে সহজে সঞ্চারিত হয় না is করোনাভাইরাস প্রাদুর্ভাবের সর্বশেষ আপডেটগুলি এখানে পড়ুন।",1
317,"ট্রাম্প হাননিটির ডাব্লুএইচও-এর পক্ষে করোনভাইরাস মৃত্যুর হার ৩.৪% বলে বলেছিলেন: ""আমি মনে করি ৩.৪% সংখ্যাটি আসলেই একটি ভুয়া সংখ্যা। এখন এটি কেবল আমার হানচ, তবে অনেক কথোপকথনের উপর ভিত্তি করে ... ব্যক্তিগতভাবে আমি বলব সংখ্যাটি 1% এর নিচে। আশ্চর্যজনকভাবে দায়িত্বজ্ঞানহীন। <link>",1
318,প্রিয় @ রিয়েলডোনাল্ড ট্রাম্প: আমরা এখনও  করোনাভাইরাস অটব্র্যাকটি ধারণ করার প্রয়োজন সেই স্কেলটিতে কেন পরীক্ষা নিচ্ছি না? আপনার প্রশাসনের বোটেড টেস্টিং একটি নতুন প্রতারণা বলে সমালোচনা করার জন্য আপনি কি এখনও ক্ষমা চেয়েছেন? <link>,0
319, ভারত- অনুপ্রেরণার জন্য আপনাকে ধন্যবাদ - আজ থেকে সমস্ত ইস্রায়েলীয়রা  শালমো ®ðÿ ®ðÿ ‡ ±  নমস্তে ‡ ®ðÿ ‡ say বলেছেন,0
320,"যদি সত্য হয় তবে @ স্টেটডেপ্ট কর্মকর্তারা যারা মার্কিন দূতাবাসের কর্মীদের বহিঃপ্রকাশের জন্য করোনাভাইরাস পরীক্ষা অস্বীকার করেছেন তাদের পদত্যাগ করা দরকার। এছাড়াও, @ হাউজফোরইন কমিটিতে গত সপ্তাহে একটি অনুস্মারক, @ সেক পম্পেও এই অস্বীকার করতে 6 বার অস্বীকার করেছিল যে  করোনভাইরাসটি একটি প্রতারণা। <link>",0
321,রাষ্ট্রপতি বা এই বিষয়ে যে কোনও জায়গায় প্রার্থী হওয়া প্রতিটি ডেমোক্র্যাটকে ডাক  করোনো ভাইরাসকে লড়াইয়ের জন্য আপনার ত্রৈমাসিক বেতন দানের ক্ষেত্রে আপনি কি রাষ্ট্রপতি ট্রাম্পের সাথে যোগ দেবেন? নাগরিকরা খুব কৃতজ্ঞ হবে। তুমাকে অগ্রিম ধন্যবাদ.,0
322,"করোনাভাইরাস নিশ্চিত হওয়া মামলার কারণে এলএ সিটি এবং কাউন্টির জন্য জরুরি অবস্থা ঘোষণা করা হয়েছে। অ্যাঞ্জেলোনাস প্রস্তুত করা দরকার, তবে আতঙ্কিত নয়। বিশেষজ্ঞদের পরামর্শ শুনুন। আপনি সর্বশেষ তথ্য এবং সুপারিশের জন্য @ সিডিসিগোভ এবং @ ল্যাপ রিপাবলিকহেলথ অনুসরণ করছেন তা নিশ্চিত করুন। <link>",1
323,আমরা দণ্ডপ্রাপ্ত হয়. coronavirus  কোভিড_19 URL,0
324,@ ওয়ালটশাউব দয়া করে এটি পুনরায় পোস্ট করুন। এটি গুরুত্বপূর্ণ তথ্য ভাগ করে নিয়েছে এবং সঙ্কটের সময়ে কীভাবে নেতৃত্ব দেবে সে সম্পর্কে এটি একটি শ্রেণি সিঙ্গাপুরের স্বাস্থ্যমন্ত্রী মিঃ গান কিম ইওংয়ের একটি দুর্দান্ত বক্তৃতা।  করোনভাইরাস  কোরোনায় ভাইরাস আপডেটগুলি বর্ণনা করার একটি দুর্দান্ত উপায়,0
325, বি 5২ প্রশ্নাবলী 1. কেন রুডি গ্রেপ্তার নয়? ২. হার্ভি কেন রিকার্সে নেই? ৩.কুচিনেল্লি এখনও কাজ করছেন কেন? ৪. বার কি এখনও ছাড়েনি? ৫. ফ্লাইনকে কখন সাজা দেওয়া হয়? .  করোনভাইরাস সম্পর্কে বার্তা দিয়ে পেন্স এবং মিসেস মিলার কে বিশ্বাস করে? â. রাই € ™ এর সন্তুষ্ট w / তাদের লোক?,0
326,"বিশ্বব্যাপী, রিপোর্ট করা  covid19 ক্ষেত্রে প্রায় 3.4% মারা গেছে। তুলনা করে, মৌসুমী ফ্লু সাধারণত আক্রান্ত 1% এর চেয়ে কম লোককে মেরে ফেলেছে- @ ডিআরটিডেরস  করোন ভাইরাস",1
327,"@ রিয়ালডোনাল্ড ট্রাম্প প্রশাসন কর্তৃক, বা ট্রাম্পের  করোনো অটব্রেককে হ্রাস করার জন্য যে ইচ্ছা প্রকাশ করেছেন তার দ্বারা অযোগ্যতার ঘাটতি পরীক্ষা করার অভাবের কারণে কিনা তা জিজ্ঞাসা করা একটি উপযুক্ত প্রশ্ন। যেভাবেই হোক এখন আমাদের মারাত্মক পরিণতি রয়েছে। এবং আমরা এই সমালোচনামূলক সপ্তাহগুলি ফিরে পেতে পারি না।",0
328,লোকেরা এখানে দেখার কিছুই নেই। কেবলমাত্র @gop একটি করোনার ভাইরাস বিল থামিয়ে দিচ্ছে কারণ এটি তাদের সমস্ত বড় বড় পোলস পালকে জীবনধারণের ভ্যাকসিনের জন্য যা চান তা চার্জ করতে দেয় না যা এমনকি এখনও তৈরি করা হয়নি।  ওয়ানভয়েস 1 <লিঙ্ক>,1
329,"অ্যামেজিং! দক্ষিণ কোরিয়া যা করছে তা সত্যিই তাদের  কোভিড 19 মহামারী বক্ররেখা বাঁক করছে। ২৯ ফেব্রুয়ারী, ১৯৯৯ বনাম আজ কেবল ১৩১ টি নতুন মামলা it's এটি কেবল চীন নয়। এটি পরিষ্কারভাবে করা যেতে পারে। URL URL",1
330,"আমার ছাত্ররা লক্ষ করেছে যে covid-19 আমাদের দেখায় যে মার্কিন যুক্তরাষ্ট্রে এশীয়দের উপর যে কোনও ""স্বজাতীয় সাদা"" অবস্থান কীভাবে সর্বদা অস্থায়ী ছিল।",0
331,50 বছরের কম বয়সী যে কোনও ব্যক্তিকে বুঝতে হবে যে আমরা সম্ভবত কভিড -19 থেকে মারা যাব না তবে আমরা একেবারে ভ্যাক্টর হয়ে থাকব যারা এই রোগটি বৃদ্ধ বয়সীদের মধ্যে ছড়িয়ে দিয়েছিলেন যারা মারা যাবেন * তাই আমাদেরও সতর্কতা অবলম্বন করতে হবে ।,1
332,তারা কর কাটেনি। তারা সংস্থাগুলিকে জামিন দেয়নি। তারা শুধু জনস্বাস্থ্য জরুরী আক্রমণ করেছে। অর্থনৈতিক পুনরুদ্ধার সক্ষম করার উপায় জনস্বাস্থ্যের উপর ফোকাস। URL,1
334,"করোনার ভাইরাস প্রাদুর্ভাব শুরুর পর থেকে 5 মাসে, বিশ্বব্যাপী 3800 মানুষ মারা গেছে। একই সময়ে ফ্লু 310,000 এরও বেশি লোককে হত্যা করেছে। জাগো মানুষ! করোনভাইরাস ""ভয়"" একটি উত্পাদিত সংকট। নিজেকে জিজ্ঞাসা করুন: এই সঙ্কট থেকে কে উপকৃত হয়? আমাকে অনুভব করো??",1
335,"আপনি যদি প্রায় ওবামাকে দোষ না দেন। আমেরিকান সোয়াইন ফ্লুতে ১২,০০০ মারা গেছে (এবং আমি তা করি নি) তবে ঘুরে দাঁড়াতে এবং প্রায় পিন করতে চাই। ট্রাম্প / পেন্সে 22 করোনার ভাইরাস, তারপরে আপনি এই দেশে রাজনৈতিক বক্তৃতা নিয়ে উদ্বেগজনক সমস্যা। দাড়ি.",0
336,সংক্ষিপ্ত ভিডিও ...  করোনাভাইরাস সারা বিশ্বে ছড়িয়ে পড়ে  ওহান  covid2019  করোনোভাইরাস  করোন  করোন  করোন ভাইরাস স্প্রেড  করোনা ভাইরাস আপডেট URL  covid19,1
337,দেখে মনে হচ্ছে করোনার ভাইরাসটি অ্যান্টিব্ল্যাক এবং আমি সেই URL এর সাথে ঠিক আছি,1
338,চাইনিজ করোনার ভাইরাস URL এর মতো হোন,0
339,কোভিড -১৯ হিট / ফ্লু মরসুমে হিট। আপনি ভাইরাস থাকতে পারে ভাবছেন?  কোভিড 19 বনাম কোল্ড ভি ফ্লুতে এই চার্টটি সহায়ক: URL সেমি 5,1
340,"উত্তর আমেরিকান: * টয়লেট পেপার সংগ্রহ করা, হ্যান্ড স্যানিটাইজারের যোগ্যতার বিষয়ে সোচ্চারভাবে বিতর্ক করা * ফ্রান্স: শেষ সময়ের জন্য, কোকেন করোনরিভাইরাসটি রক্ষা করে না URL",1
342,"ধর্মান্ধতার বিবৃতি যা ভুল তথ্য ছড়িয়ে দেয় এবং এশিয়ানদের এবং এশিয়ান আমেরিকান সম্প্রদায়কে  করোনভাইরাস হিসাবে দোষ দেয়, সেগুলি আমাদের সকলকে কম সুরক্ষিত করে তোলে। @ জিওপিএল্ডার অবশ্যই এই টুইটটি মুছে ফেলবেন এবং সঙ্গে সঙ্গে ক্ষমা প্রার্থনা করুন। URL",1
343,"থ্রেড:  করোনভাইরাসগুলিতে, আমরা তীব্রতর ক্ষেত্রে হতে পারে period দেশটি আগামী দুই সপ্তাহের মধ্যে খুব আলাদাভাবে দেখতে পারে। আমরা এর মধ্যে দিয়ে যাব, তবে ভাইরাসের সুযোগ এবং প্রভাব সীমিত করতে এখনই পদক্ষেপ নেওয়া দরকার। নিজের সাহায্য করার জন্য এখন আমরা কিছু করতে পারি। 1 / এন",1
344,"উওহান থেকে উদ্ভূত করোনার ভাইরাস কলকারী লোকেদের উপর যারা তাদের বাট প্লাগ উড়িয়ে দিয়েছে (এটির জন্য অপেক্ষা করুন ...)  ওহানকোরোনাভাইরাস, এখানে একটি ইতিহাস রিফ্রেশার ...  নম্বসকুলস URL",0
345,সান দিয়েগো হাসপাতালে covid-19 পরীক্ষা করার জন্য গাইডলাইনগুলির সন্ধান পেয়েছে এবং তারা ... সত্যই খারাপ! পরীক্ষা করার জন্য রোগীর ঘনিষ্ঠ যোগাযোগ করতে হবে ডাব্লু-র একজনের সাথে একটি সংক্রামিত সংক্রমণ হয়েছে বা সংক্রামিত জায়গায় ভ্রমণ করেছে। তবে তা সম্পূর্ণ অপ্রতুল!,1
346,"la 57 রাউন্ডে ট্রিপ, করোনার ভাইরাস URL ধন্যবাদ",1
348,"যারা একক দাতা স্বাস্থ্যসেবা ব্যবস্থাকে ""গ্রাহক পছন্দ"" হিসাবে অগ্রাধিকার দেয়, তাদের জন্য বুঝতে হবে যে আপনি যখন লোকজনের স্বাস্থ্যসেবার অ্যাক্সেসকে তাদের কর্মসংস্থানের সাথে যুক্ত করতে বাধ্য করেন, আপনি আসলে তাদের স্বাধীনতা হরণ করেন এবং তাদের জীবনের অনিশ্চয়তা বাড়িয়ে তোলেন â¬ ‡ ï¸ URL",0
349,"আমাকে কেবলমাত্র জানানো হয়েছে যে আমার covid-19 ল্যাব ফলাফলটি নেতিবাচক ছিল। প্রচুর সাবধানতা অবলম্বনে, আমি বৃহস্পতিবার দুপুর ২ টার মধ্যে চিকিত্সা পেশাদারদের পরামর্শে স্ব-সঙ্গতিতে থাকব। আমি সুস্থ বোধ করছি এবং কোনও লক্ষণ দেখছি না।",1
350,URL নয় কেন করোনার এই ফ্লাইটগুলি নরক হিসাবে সস্তা,1
351,"ðÿ “# ফ্রান্স, স্পেন এবং জার্মানি  covid19 অগ্রগতিতে ইতালি থেকে প্রায় 9 থেকে 10 দিন পিছনে রয়েছে; যুক্তরাজ্য এবং মার্কিনরা 13 থেকে 16 দিন অনুসরণ করে। ইটালিতে আমরা খুব দীর্ঘ অপেক্ষা করেছি, এই দেশগুলিকে এখনই আক্রমণাত্মক নিয়ন্ত্রণের ব্যবস্থাগুলি বাস্তবায়ন করা উচিত। URL",1
352,"করোনার ভাইরাস প্রো টিপ: আপনি ভোদকার সাথে এমিরজেন-সি মিশ্রিত করলে আপনি আক্ষরিকভাবে অসুস্থ হতে পারবেন না, এটি আসলে বিজ্ঞান",1
354,"""ইস্রায়েল বিদেশে আগত সকলের জন্য দুই-সপ্তাহের কোয়ারানটিন বাধ্যতামূলক করার ঘোষণা দিয়েছে।"" ইস্রায়েলকে বাজি ধরতে চান তাদের দেশে কোন মহামারী নেই? সীমানা একটি দুর্দান্ত জিনিস।  করোনভাইরাস URL",1
355,ন্যান্সি বিনয় গত বছরগুলিতে সবচেয়ে উন্নত রাজনীতিবিদ। যে কেউ তার অন্ধকার ত্বকে মজা করেছে তারা এখন শ্বাসরোধ করতে পারে। URL,0
356, করোনভাইরাসকে সামনে রেখে সেন জোশ হাওলি আমাদের চিকিত্সা সরবরাহ উত্পাদন ও বিতরণের জন্য চীনের উপর মার্কিন যুক্তরাষ্ট্রের নির্ভরতা শেষ করার জন্য একটি বিল প্রবর্তন করেছিলেন। URL,1
357,"আমি কোভিড -১৯ এর বিশদ ডেটা চেয়েছিলাম, তবে মিডিয়া পক্ষপাতিত্ব ছাড়া সংখ্যার সন্ধান করতে আমার খুব কষ্ট হয়েছিল। আমি নিজে এটি সংগ্রহ করেছি এবং এখানে ভাগ করছি। এই থ্রেডে: - ইনকিউবেশন সময় - লক্ষণ সংঘটন - সংক্রমণ হার - তারিখ এবং অবস্থানের ভিত্তিতে মার্কিন যুক্তরাষ্ট্রের প্রথম 20 টি মামলা (অবিরত)",1
358,"সত্যিকারের প্রশংসনীয় বিশ্লেষণ: উচ্চতর সংখ্যক বীমাবিহীন সংখ্যার, অনেক ডাব্লু / ও অসুস্থ ছুটি পেয়েছেন এবং এমন নেতৃত্ব যা দেশকে প্রস্তুত না করার সময় চ্যালেঞ্জকে পরাভূত করেছে এমন নেতৃত্ব অনেক দেশের তুলনায় মার্কিন যুক্তরাষ্ট্রের চেয়ে বেশি সংবেদনশীল হয়ে পড়েছে  করোন ভাইরাস to URL",1
359,"কার কাছে এটি শুনতে হবে তা আমি জানি না তবে আলবার্টা কেবল ইআর বা হাসপাতালে করা সমস্ত শ্বাস প্রশ্বাসের জন্য covid19 টেস্টিং যুক্ত করেছেন। সুতরাং আপনি যদি ফ্লু খুঁজছেন, আপনি  কোভিড ১৯-তে একটি উত্তরও পাবেন।  স্ট্যান্ডার্ডঅফকেয়ার আইএমএইচও হওয়া উচিত।",1
360," করোনাভাইরাস উপন্যাসের বিরুদ্ধে একটি অ্যান্টিভাইরাল স্প্রেটি সাংহাই পাবলিক হেলথ ক্লিনিকাল সেন্টারে গড়ে উঠেছে, যা ভাইরাস থেকে ieldাল হিসাবে গলায় ফেলে দেওয়া যেতে পারে। স্প্রেটি ফ্রন্ট-লাইনের চিকিত্সা কর্মীদের রক্ষা করতে ব্যাপক সাহায্য করতে পারে, তবুও জনসাধারণের ব্যবহারের জন্য ভর-উত্পাদন বর্তমানে পাওয়া যায় না। URL",1
361, covidãƒ¼19 আমাদের সকলকে সচেতন এবং সচেতন হওয়া দরকার। এটি এখন তৃতীয় জেনের সংক্রমণ পর্যন্ত। ভাইরাসটি ছড়িয়ে দেওয়া কতটা সহজ তা বুঝতে এই ভিডিওটি (ধার করা) দেখুন। coronavirus URL,1
362,কেউ কি ব্যাখ্যা করতে পারেন যে সিপ্যাকের অংশগ্রহণকারীদের সংস্পর্শে আসা লোকেরা  করোন ভাইরাস পরীক্ষা না করে কেন স্বতঃসংশ্লিষ্টতা করছেন? আমরা যদি এএসএপটি জানতে চাই না তবে যে অংশগ্রহনকারী এখনকার সাথে যোগাযোগ করেছে তার মধ্যে যদি ভাইরাস রয়েছে? URL,1
363,"কো.এইচ.ডি -১৯ এর প্রতিক্রিয়া সম্পর্কে এস.-এর কোরিয়ান সরকার ব্রিফিংয়ে: ""এই ব্যয়গুলি ব্যয়কারী ব্যক্তিকে স্যাডলিংয়ের পরিবর্তে সরকার সম্পর্কিত পরীক্ষা ও চিকিত্সার জন্য আর্থিক ব্যয় coveringাকবে। সরকার ক্ষয়ক্ষতির জন্য চিকিত্সা সুবিধাদিও ফিরিয়ে দিচ্ছে না। আরোপিত পৃথকীকরণ থেকে। """,1
364,পাসপোর্ট টুইটার করোনার আঘাতের পর থেকে চুপ করে আছে। আপনার অর্থ জর্দানগুলিতে ব্যয় করা উচিত ছিল,1
365,"এক্সক্লুসিভ ন্যাডিন ডরিস, একজন স্বাস্থ্যমন্ত্রী, তিনি কর্নাভাইরাস সনাক্তকারী প্রথম এমপি হয়েছেন, তিনি গত সপ্তাহ ধরে ওয়েস্টমিনস্টারে রয়েছেন, কয়েক শতাধিক ব্যক্তির সাথে দেখা করেছেন এবং বৃহস্পতিবার বরিস জনসনের আয়োজিত 10 নম্বরের সংবর্ধনাতে অংশ নিয়েছেন URL / 3seue2ngye",1
366,এ ðÿ˜ðÿ ¥ ´ URL URL প্রদর্শন করুন,0
368,করোনার ভাইরাসজনিত ভয়ের কারণে আমার রাউন্ড ট্রিপ বিমানের টিকিটের জন্য .3 00.38 প্রদানের পরে আমি ফ্রান্সে পৌঁছেছি URL,1
369,"আমার প্রিয় শিক্ষার্থীদের কাছে: রিজালে সিভিডি -19 ভাইরাসের কনফার্ম কেস হওয়ার কারণে, 20 মার্চ আপনাকে পান্ডুলিপিটি পাস করার দরকার নেই তবে বাড়িতে থাকতে হবে এবং স্বতন্ত্রভাবে কাজ করতে হবে। পুনশ্চ. শিক্ষক হিসাবে আপনার গ্রেডের চেয়ে আপনার জীবন আরও মূল্যবান। আমি আমার অংশটি করব।",1
370,"কেভিন ম্যাকার্থি করোনার ভাইরাসকে চাইনিজ বলছেন এমন একটি বর্ণবাদী চালচলন যা জনস্বাস্থ্যের ইস্যুতে এমন কিছু তৈরি করা যা ""অন্য"" -এর জন্য দোষারোপ করা যেতে পারে - বিদ্যালয়ের এপিআই বাচ্চারা ইতিমধ্যে ভাইরাস থাকার বিষয়ে তিরস্কার করা হচ্ছে - রিপাবলিকানদের এই জাতীয় নেতৃত্ব ""সত্যই বিপদ"" আমাদের সকলের কাছে",1
371,যদি এই করোনার ভীতিটি না ঘটে তবে শীঘ্রই ইমাকে হস্তক্ষেপ করতে হবে,0
372,"থ্রেড: শুক্রবার জানুয়ারী 31, 2020,  করোনভাইরাসটি আনুষ্ঠানিকভাবে অন্যান্য দেশে ছড়িয়ে পড়েছে (যা ফেব্রুয়ারী 24-ফেব্রুয়ারি 28-এ খারাপ শেয়ার বাজারের সপ্তাহে পরিচালিত হয়েছিল) এর কয়েক সপ্তাহ আগে, ট্রাম্প প্রশাসন চীনে ভ্রমণ নিষেধাজ্ঞাগুলির ঘোষণা করেছিলেন। এটি উত্পন্ন কিছু প্রতিবেদন এখানে। 2/4/20 এর পলিটিকো নিন।",1
373,"covid-19 নির্ধারণকারী হাসপাতালগুলি দেখুন। সেন্ট লুক্স, কার্ডিনাল, মাকাটি মেড, মেডিকেল সিটি। কভিড -১৯ কেবল খালি স্বাস্থ্যের সমস্যা নয়। শক্তিশালী শ্রেণীর সমস্যাও রয়েছে। সম্পদ, গোপন দরিদ্র, কাশি এবং গলা ব্যথা।",1
374,"আজ রাতের দিকে আমরা একটি গুরুত্বপূর্ণ প্রান্ত পেরিয়েছি: @ সিপিএসি 9 দিন আগে শেষ হয়েছে ended বিশেষজ্ঞদের মতে আমরা পরামর্শ নিয়েছিলাম যে ডাব্লু কোনও নতুন করোনার কেস এবং কোনও উপস্থিতি ডাব্লু উপসর্গের সময়সীমা একটি বিশাল টার্নিং পয়েন্ট। একটি হোটেলে 10,000 এরও বেশি ভাইরাস উপস্থিত রয়েছে এবং কেউই ইতিবাচক নয়। d d »d d» d ºð ¸",1
375,আমাদের দোকানের কাছাকাছি কাউকে যদি করোনার ভাইরাস থেকে আলাদা করে নিতে হয় এবং উপকার হয় তবে আমি দু'সপ্তাহের খাবারের পার্সেল একসাথে রাখব যা আপনার দরজায় পৌঁছে দেওয়া হবে।,0
376,অ্যামেজিং! কিগালি বাস পার্কের যাত্রীদের  করোনভাইরাস প্রাদুর্ভাব রোধ ও ঝুঁকি হ্রাস হিসাবে বাসে উঠার আগে তাদের হাত ধুতে হবে।  রুয়ান্ডা URL,1
377,অন্য যে কেউ খেয়াল করে যে covid-19 ইমপিচমেন্ট ব্যর্থ হওয়ার সাথে সাথেই পপ আপ হয়ে গেছে?,1
378,"কীভাবে @ রিয়েলডোনাল্ড ট্রাম্প  করোন ভাইরাস ধারণ করতে ব্যর্থ হয়েছিল? ১. চীনকে কেন্দ্র করে তিনি অন্য দেশ থেকে আসা ভাইরাসটি আটকাতে ব্যর্থ হন; ২. বিদেশী নাগরিকদের উপর দৃষ্টি নিবদ্ধ করে, তিনি মার্কিন ভ্রমণকারীদের দ্বারা চালিত ভাইরাস বন্ধ করতে ব্যর্থ হন; ৩. পরীক্ষা না করে, তিনি ভাইরাসটিকে সনাক্ত করে ছড়িয়ে দিতে দিলেন। URL",1
379,"জিকা, ইবোলা, লাইম ডিজিজ, জার্মান হাম, স্প্যানিশ ফ্লু, রেস্টন ভাইরাস, ওয়েস্ট নীল ভাইরাস, হংকং ফ্লু কি সব ঠিক আছে? URL",0
380,"মাত্র দু'মাস আগে, তাল আগ্নেয়গিরিটি উদয় হচ্ছিল, এতে প্রচন্ড ভয় ও দুর্ভোগের জন্ম হয়েছিল। আজ, তালের নির্মলতা রাজত্ব করছে, আমাদের মনে করিয়ে দিচ্ছে যে কভিড -১৯ প্রাদুর্ভাবও আসবে এবং যাবে এবং সামাজিক সংহতি দিয়ে আমরা একটি জাতি হিসাবে আরও শক্তিশালী হয়ে উঠতে পারি। ðÿ “· টমাস তিরোনা URL",1
381,"কিছু অনিয়ম ডাব্লু / এফএফ ব্যবহার দেখেছি। নিবন্ধগুলিতে, স্পষ্টতা প্রদানের জন্য: ar সারস-কোভি -২ (গুরুতর তীব্র শ্বাসযন্ত্রের সিন্ড্রোম করোনভাইরাস 2) ভাইরাস। ðÿ¦ covid-19 (coronavirus disease 2019) এই রোগ। অতএব, সারস-কোভি -2 covid-19 এর কারণ। তবুও, নিরাপদে থাকুন। d d »",1
382,"আমরা ফিরে তাকাতে এবং উদ্বেগ এবং আতঙ্ক ক্রয় সম্পর্কে সত্যিই নির্বোধ বোধ করতে যাচ্ছি।  covid19 সত্যিই সংক্রামক এবং মারাত্মক বিপজ্জনক নয়, যদি না আপনি ইতিমধ্যে স্বাস্থ্যের সাথে আপস করেন বা এক টন দূষণের জায়গায় বাস করেন না। এটি একটি বৃহত্তর ওভাররেইশন।",1
383,করোনা একটি কালো আলো এবং আমেরিকা একটি বাঁধা হোটেল ঘর,0
384,দুই সপ্তাহের অসুস্থ বেতন: in ‡ ¬ðÿ ‡ §uk â £ 188.50 আপনি যদি থাকতেন তবে যা পাবেন: ðÿ ¦ðÿ ¦ðÿ ‡ ustআস্ট্রিয়া £ 574.70 ðÿ © © ðÿ ‡ erman গার্মেন্ট £ 574.70 ðÿ ‡ ¸ðÿ ‡ wedswenen £ 9 459.76 ± ‡ ³ðÿ ³ðÿ ± ± নেদারল্যান্ডস £ 402.29 ðÿ ªðÿ ªðÿ p p p স্পেন £ £ 241.37 ইউকেতে সংবিধিবদ্ধ অসুস্থ বেতনের বেতন বেঁচে থাকার পক্ষে যথেষ্ট নয় । আরটি যদি আপনি শালীন চান sickpayforall coronavirus ridge marr,1
385,"সত্যিকার অর্থে এখানে বিভ্রান্ত: সম্ভাব্য কোভিড -১৯ এক্সপোজারের কারণে আমরা কংগ্রেসের তিন সদস্য প্রফিল্যাটিকভাবে স্ব-কোয়ারান্টাইনিং পেয়েছি, কিন্তু তাদের কি পরীক্ষা করা হচ্ছে না? দেখে মনে হচ্ছে তাদের পরীক্ষা করা উচিত, তাই না?",1
386,"দয়া করে জেনোফোবিয়ার বিরুদ্ধে লড়াইয়ে সহায়তা করুন: ১. কোভিড -১৯ ""চিনা করোনভাইরাস"" বা ""উহান ভাইরাস"" কল করবেন না ২. এশীয় লোক বা ব্যবসা থেকে দূরে থাকবেন না 3.. মিডিয়াতে বর্ণবাদকে ডাকলে আপনি দেখবেন (কোভিডের গল্পগুলি একটি এশিয়ান ব্যক্তির, টিভিএম) লাগানোর দরকার নেই) URL",0
387,এই থ্রেড এবং আরটি পড়ুন। দুর্দান্ত প্রচার আপনি মিডিয়া থেকে শুনতে পাবেন না। URL,0
388,তবে আমি ভেবেছিলাম ট্রাম্পকে আঘাত করার জন্য করোনা ভাইরাসটি কেবল একটি গণতান্ত্রিক প্রতারণা? গল্পটির নৈতিকতা: বিজ্ঞান এবং প্রকৃতি আপনার কোন দলের অন্তর্ভুক্ত তা জবাব দেয় না। URL,1
390,"আপনি যদি ভাবছেন যে কেন এটি একগুচ্ছ বয়স্ক এলজিবিটিকিউ লোকেরা করোনা ভাইরাসকে গুরুত্বের সাথে গ্রহণ করার জন্য লোকদের প্রতি আহ্বান জানাতে চাইছে এবং কেবল সঙ্কুচিত নয় কারণ আপনি মনে করেন যে কেবল বৃদ্ধ এবং অসুস্থই মারা যাবেন, আমি এখানে এসে মনে করিয়ে দিচ্ছি যে তারা ইতিমধ্যে এই ধরণের দেখেছিল কর্মে অলসতা।",0
392,"আমরা করোনার ভাইরাস এবং নিগাজের জন্য এই সমস্ত বিষ্ঠা করছি, মিশিগান ফ্লিন্ট, মিজিগানকে পাঠাতে পারছি না।",0
393,"একদিনের ক্লাস / কাজ স্থগিতের প্রভাব কী? কিছুই নেই। পরিবর্তে: ১. কোভিড -১৯ এর ক্ষেত্রে অঞ্চলগুলি প্রকাশ করুন ২. ভাইরাসের ইনকিউবেশন সময়টি এইভাবে 1-2 সপ্তাহ হয়, আমাদেরও ক্লাস / কাজ 14 দিনের জন্য স্থগিত করা উচিত ৩. ভবন, স্কুল, রাস্তাঘাট স্যানিটাইজ করা  না",1
394,এটি আত্মহত্যার মতো তবে হারামের অংশটি আমি URL এ করছি,0
398,ইবোলার একটি 50% মৃত্যুর হার আছে। আপনি যদি সংক্রামিত হন তবে আপনি সম্ভবত মারা যান। কোভিড -19 এর মৃত্যুর হার 3.4% আছে। অবশ্যই ইবোলা bad এর মতো খারাপ নয় তবে এটি মৌসুমী ফ্লুর চেয়ে 34x পর্যন্ত বেশি মারাত্মক করে তোলে URL URL,1
399,1 / আপনারা অনেকে আমাকে জিজ্ঞাসা করেন কেন আমি covid-19 এর প্রাদুর্ভাবকে এত গুরুত্ব সহকারে নিই না। বর্তমান মামলা এবং মৃত্যুর সংখ্যা * কেন * নয়। ðÿ ‘‡ আমি কেন উদ্বিগ্ন এবং এই পরিস্থিতিতে আমি ব্যক্তিগতভাবে কী করি তার একটি থ্রেড।,0
400,আতঙ্কিত কেনা এবং টয়লেট রোলের মজুতকরণ অব্যাহত রয়েছে। হ্যাম্পশায়ারের ফার্নবোরোর কস্টকোতে এই দৃশ্যগুলি। coronavirus toiletpaperpanic panickbuying URL,1
403,breaking: স্বাস্থ্য অধিদফতর  covid19 এর আরও 11 টি নিশ্চিত মামলার ঘোষণা দিয়েছে। কেস এখন পিএইচ এ 35 এ। | @raphbosano coronavirus URL এর মাধ্যমে,1
404,"কেন তারা টিউব স্টেশনগুলি পরিষ্কার করার আগে ভাইরাসের হুমকি নিয়েছে ?? ট্রেনগুলি প্রতি সপ্তাহে পরিষ্কার করা উচিত, সিটগুলিতে সাহারা মরুভূমির চেয়ে বেশি ধুলাবালি রয়েছে। URL",1
405,এখন  covid19 এর নতুন 10 টি নিশ্চিত হওয়া মামলা রয়েছে। ডিওএইচ অনুসারে এখন মোট ২০ টি @kristinesabillo URL এর মাধ্যমে,1
406,"মার্কিন মামলাগুলির বিষয়ে সিডিসির ডেটা অন্যান্য সংস্থাগুলিতে (ডাব্লুএইচও সহ) পিছিয়ে কেন? প্রবীণ আমেরিকানরা উড়বে না, এবং হোয়াইট হাউস সিডিসিকে সেই প্রস্তাবটি প্রচার করতে বাধা দিয়েছে, সে সম্পর্কে আমরা কেবল এপি থেকে কেন শিখছি? URL",1
407,"not just manila, pero pwede bang buong ncr l, mga mayors? imagine students travelling from one city to another, iba't ibang tao nakakasalamuha. it's possible that there are people out there na may covid-19 without them knowing. not all of us have face masks as well. walangpasok",0
408,রাষ্ট্রপতি আমাদের এটি দেখতে দিন না। সে কী লুকিয়ে আছে? স্থগিত গোয়েন্দা প্রতিবেদন মহামারী বিপদগুলির সতর্কতা | সময় â ¦ @ odnigovâ © coronavirus URL,1
410,আত্মর বিচ্ছিন্নতা coronavirus URL,0
412,চীনের বাইরে নিশ্চিত  covid19 কেসগুলির আপডেট:  করোনোনা  করোনভাইরাস  করোনায় ভাইরাস আপডেট  কোরোনা  কোরোনাওয়াইরাস  কোভিড_19  covid2019  করোনভিরাসাস্টিকি  করোন ভাইরাসাসিটালিয়া URL,1
413,টয়লেট পেপার পুরোপুরি সুপারমার্কেটে বিক্রি হয়েছে? আপনি কি করোনার আগে নিজের পাছা মুছতে পারেননি?,1
414,"মার্কিন ফার্মাসিস্ট গিলিয়েড, যিনি সবচেয়ে প্রতিশ্রুতিশীল covid-19 ভ্যাকসিনের মালিক, ""মহামারী স্টক বিক্রয়,"" এটি 50-100 ডলার / ব্যক্তির জন্য বিক্রয় করার প্রস্তুতি নিয়েছে এবং চীনা সরকারকে অ্যাক্সেস অস্বীকার করার জন্য আইনি লড়াইয়ে প্রস্তুত রয়েছে, কারণ চীন ভ্যাকসিনটি বিনামূল্যে তৈরি করুন এবং এটি বিশ্বব্যাপী দক্ষিণে প্রেরণ করুন URL URL",1
416," ইটালিতে আমরা একটি ভয়ানক ভুল করেছি সবাই প্রত্যেকে ""এটি কেবল একটি ফ্লু"" বলতে থাকল এবং এখন আমাদের নিবিড় যত্ন ইউনিটগুলি ভেঙে পড়ছে। আমাদের দাদা-দাদি এবং বাবা-মা, আমাদের বন্ধুরা মারা যাচ্ছে দয়া করে, শিখুন। এখন!  করোনভাইরাস  করোনভাইরাস",1
420,করোনার আমার অত্যাবশ্যক তেল মা'র বিরুদ্ধে কোনও বাধা নেই।,1
421,"ডেমোক্র্যাটরা বলেছেন ট্রাম্প মার্কিন অর্থনীতিতে ব্যর্থ হয়েছেন এবং তবুও আমাদের কাছে বিশ্বের সেরা অর্থনীতি রয়েছে। তারা বলছেন যে তিনি তার covid-19 প্রতিক্রিয়াতে ব্যর্থ হয়েছেন, এবং এখনও আমাদের বিশ্বে প্রতি মিলিয়ন সংক্রমণ সবচেয়ে কম। তারা জিতাকে হারানো এবং হারানো জয় বলে ডাকে।",1
422,এভাবেই করোনার ভাইরাস ছড়িয়ে পড়ে  covid2019  করোনভাইরাস অটব্র্যাক URL,0
423,"যদি এই টুইটটিতে 10 কেটি আরটি হয়, আমি লিন উপত্যকা কেয়ার হোম, ভ্যাঙ্কুভার, বিসি-তে অনুপ্রবেশের চেষ্টা করব film আমার বাড়ি থেকে 15 কিলোমিটার দূরে এর ভিতরে একটি করোনার ভাইরাস ব্রেকআউট।",0
426,আমাদের কীভাবে সম্ভাব্য covid-19 ক্ষেত্রে যোগাযোগ করা উচিত? এখানে ডিওএইচ-পিএসএমআইডি টাস্কফোর্সের 09 মার্চ 2020 নির্দেশিকাগুলির উপর ভিত্তি করে আমি একটি ইনফোগ্রাফিক তৈরি করেছি। আশা করি আমরা ক্রমবর্ধমান হুমকির মুখোমুখি হওয়ায় এটি আমাদের এইচসিপিগুলিকে সহায়তা করবে। সবাই নিরাপদে থাকুন। URL,0
427,মিডিয়া কর্নাভাইরাস পেয়ে কনজারভেটিভদের উদযাপন করছে।  সিপিএসি ২০২০ তে  করোনভাইরাসটির 1 কেস সম্পর্কে প্রায় 5000 টিরও বেশি নিবন্ধ লেখা হয়েছে। এটি যদি বামপন্থী সম্মেলন হত তবে মিডিয়াগুলি এটি স্পর্শ করতে পারত না। কনজারভেটিভদের আক্রমণ করে মিডিয়া এটির একটি প্রধান উদাহরণ।,1
429,যদি করোনা এখানে কেবলমাত্র লোকেরা পাচ্ছে তবে ... URL,0
436,তুমি কর. আমি শুনেছি এটি শূকরদের একটি বৃহতভাবে প্রভাবিত করে। URL,0
